patch,champion,role,games,winrate
16.10,Ashe,BOT,218,0.4725
16.10,Smolder,BOT,184,0.5326
16.10,Caitlyn,BOT,178,0.4831
16.10,Ezreal,BOT,169,0.4556
16.10,Jhin,BOT,151,0.5033
16.10,Lucian,BOT,105,0.4
16.10,Jinx,BOT,97,0.4845
16.10,Draven,BOT,88,0.3295
16.10,Senna,BOT,79,0.5823
16.10,Zeri,BOT,77,0.5325
16.10,Kaisa,BOT,76,0.5132
16.10,MissFortune,BOT,67,0.5672
16.10,Yunara,BOT,64,0.5
16.10,Vayne,BOT,64,0.5469
16.10,Twitch,BOT,56,0.4107
16.10,Tristana,BOT,50,0.66
16.10,Samira,BOT,50,0.44
16.10,Brand,BOT,50,0.6
16.10,Aphelios,BOT,49,0.449
16.10,Varus,BOT,48,0.3958
16.10,Sivir,BOT,46,0.5652
16.10,Seraphine,BOT,42,0.4286
16.10,Ziggs,BOT,36,0.6111
16.10,Hwei,BOT,32,0.3438
16.10,Xayah,BOT,29,0.4828
16.10,Vladimir,BOT,29,0.6897
16.10,Yasuo,BOT,28,0.5714
16.10,Lux,BOT,27,0.4444
16.10,Corki,BOT,23,0.4783
16.10,KogMaw,BOT,22,0.5455
16.10,Mel,BOT,17,0.5294
16.10,Swain,BOT,17,0.5294
16.10,Kalista,BOT,17,0.5294
16.10,Xerath,BOT,16,0.625
16.10,Nilah,BOT,15,0.6667
16.10,Veigar,BOT,14,0.3571
16.10,AurelionSol,BOT,14,0.5714
16.10,Karthus,BOT,12,0.5
16.10,TahmKench,BOT,11,0.6364
16.10,Velkoz,BOT,10,0.8
16.10,Zyra,BOT,9,0.4444
16.10,Ahri,BOT,7,0.7143
16.10,Cassiopeia,BOT,7,0.8571
16.10,Briar,BOT,7,0.5714
16.10,Viktor,BOT,6,0.5
16.10,Syndra,BOT,6,0.3333
16.10,Teemo,BOT,5,0.6
16.10,Kennen,BOT,4,0.75
16.10,Katarina,BOT,4,0.5
16.10,Irelia,BOT,3,0.3333
16.10,Yone,BOT,2,1.0
16.10,Riven,BOT,2,0.5
16.10,Zoe,BOT,2,0.5
16.10,Heimerdinger,BOT,2,0.5
16.10,Sylas,BOT,2,0.5
16.10,TwistedFate,BOT,2,1.0
16.10,Taliyah,BOT,2,1.0
16.10,Malzahar,BOT,2,1.0
16.10,Kayle,BOT,2,0.5
16.10,Ekko,BOT,1,1.0
16.10,Ivern,BOT,1,1.0
16.10,Zilean,BOT,1,0.0
16.10,Sona,BOT,1,0.0
16.10,Akshan,BOT,1,1.0
16.10,Olaf,BOT,1,0.0
16.10,Zed,BOT,1,1.0
16.10,Udyr,BOT,1,0.0
16.10,Viego,BOT,1,1.0
16.10,Chogath,BOT,1,1.0
16.10,Kindred,BOT,1,1.0
16.10,Lissandra,BOT,1,0.0
16.10,Fiora,BOT,1,1.0
16.10,Lulu,BOT,1,0.0
16.10,Anivia,BOT,1,1.0
16.10,LeeSin,BOT,1,0.0
16.10,Fizz,BOT,1,0.0
16.10,Kayn,BOT,1,0.0
16.10,LeeSin,JUNGLE,151,0.5232
16.10,Graves,JUNGLE,148,0.473
16.10,JarvanIV,JUNGLE,97,0.5258
16.10,Kayn,JUNGLE,95,0.5263
16.10,Nocturne,JUNGLE,87,0.5057
16.10,Viego,JUNGLE,84,0.5476
16.10,MasterYi,JUNGLE,79,0.5063
16.10,Nunu,JUNGLE,79,0.519
16.10,XinZhao,JUNGLE,77,0.5714
16.10,Talon,JUNGLE,66,0.4091
16.10,Ambessa,JUNGLE,61,0.4918
16.10,Khazix,JUNGLE,61,0.6066
16.10,Udyr,JUNGLE,58,0.569
16.10,Shyvana,JUNGLE,58,0.3966
16.10,MonkeyKing,JUNGLE,53,0.5094
16.10,Naafiri,JUNGLE,53,0.4151
16.10,Hecarim,JUNGLE,50,0.36
16.10,Warwick,JUNGLE,50,0.54
16.10,Rengar,JUNGLE,49,0.551
16.10,Briar,JUNGLE,49,0.4286
16.10,Belveth,JUNGLE,46,0.4783
16.10,Ivern,JUNGLE,45,0.5778
16.10,Shaco,JUNGLE,43,0.4186
16.10,Sylas,JUNGLE,42,0.5476
16.10,Kindred,JUNGLE,42,0.5
16.10,Ekko,JUNGLE,40,0.45
16.10,RekSai,JUNGLE,40,0.5
16.10,Vi,JUNGLE,39,0.5385
16.10,Zac,JUNGLE,35,0.3429
16.10,Lillia,JUNGLE,34,0.5588
16.10,Karthus,JUNGLE,32,0.4375
16.10,Volibear,JUNGLE,32,0.4062
16.10,Evelynn,JUNGLE,31,0.5484
16.10,Nidalee,JUNGLE,29,0.4828
16.10,Diana,JUNGLE,26,0.3846
16.10,Elise,JUNGLE,25,0.6
16.10,Qiyana,JUNGLE,23,0.6522
16.10,FiddleSticks,JUNGLE,23,0.5652
16.10,Amumu,JUNGLE,19,0.4737
16.10,Jayce,JUNGLE,18,0.6111
16.10,Aatrox,JUNGLE,18,0.3889
16.10,Quinn,JUNGLE,17,0.3529
16.10,Zyra,JUNGLE,16,0.8125
16.10,Skarner,JUNGLE,16,0.5
16.10,Darius,JUNGLE,15,0.4667
16.10,Zed,JUNGLE,14,0.5
16.10,Rammus,JUNGLE,14,0.5
16.10,Jax,JUNGLE,14,0.4286
16.10,Sejuani,JUNGLE,13,0.3077
16.10,Pantheon,JUNGLE,12,0.5
16.10,Nasus,JUNGLE,11,0.5455
16.10,Gwen,JUNGLE,11,0.3636
16.10,Taliyah,JUNGLE,10,0.6
16.10,Olaf,JUNGLE,9,0.6667
16.10,Morgana,JUNGLE,8,0.375
16.10,Fizz,JUNGLE,8,0.5
16.10,Zaahen,JUNGLE,7,0.2857
16.10,Trundle,JUNGLE,7,0.4286
16.10,DrMundo,JUNGLE,6,0.6667
16.10,Brand,JUNGLE,6,0.5
16.10,Gragas,JUNGLE,6,0.5
16.10,Shen,JUNGLE,6,0.5
16.10,Rumble,JUNGLE,5,0.6
16.10,Mordekaiser,JUNGLE,5,0.4
16.10,Singed,JUNGLE,4,0.25
16.10,Vayne,JUNGLE,4,0.75
16.10,Teemo,JUNGLE,4,0.25
16.10,Maokai,JUNGLE,4,0.75
16.10,Riven,JUNGLE,3,0.6667
16.10,Chogath,JUNGLE,3,0.3333
16.10,Sett,JUNGLE,3,1.0
16.10,Malphite,JUNGLE,2,1.0
16.10,Nautilus,JUNGLE,2,0.5
16.10,Poppy,JUNGLE,2,0.5
16.10,Sion,JUNGLE,2,0.5
16.10,Neeko,JUNGLE,2,0.0
16.10,Gnar,JUNGLE,1,1.0
16.10,Kaisa,JUNGLE,1,0.0
16.10,Garen,JUNGLE,1,0.0
16.10,Tryndamere,JUNGLE,1,1.0
16.10,Kayle,JUNGLE,1,1.0
16.10,Zeri,JUNGLE,1,1.0
16.10,Taric,JUNGLE,1,0.0
16.10,Twitch,JUNGLE,1,0.0
16.10,Jhin,JUNGLE,1,0.0
16.10,Yone,JUNGLE,1,0.0
16.10,Ezreal,JUNGLE,1,0.0
16.10,Heimerdinger,JUNGLE,1,1.0
16.10,TwistedFate,JUNGLE,1,0.0
16.10,AurelionSol,JUNGLE,1,1.0
16.10,Ahri,MID,124,0.5161
16.10,Viktor,MID,109,0.4954
16.10,Yasuo,MID,92,0.5217
16.10,Yone,MID,83,0.4699
16.10,Akali,MID,77,0.5325
16.10,Zed,MID,75,0.52
16.10,Sylas,MID,73,0.4795
16.10,TwistedFate,MID,68,0.5588
16.10,Malzahar,MID,68,0.4706
16.10,Fizz,MID,68,0.5588
16.10,Katarina,MID,67,0.6418
16.10,Vladimir,MID,65,0.5231
16.10,Ekko,MID,61,0.541
16.10,Xerath,MID,56,0.4464
16.10,Hwei,MID,55,0.4727
16.10,Lissandra,MID,54,0.5
16.10,Galio,MID,51,0.5098
16.10,Ryze,MID,51,0.3333
16.10,Lux,MID,49,0.4286
16.10,Syndra,MID,46,0.4783
16.10,Veigar,MID,43,0.4884
16.10,Aurora,MID,42,0.5238
16.10,Orianna,MID,40,0.4
16.10,Talon,MID,37,0.4324
16.10,Anivia,MID,36,0.3056
16.10,Zoe,MID,35,0.6
16.10,AurelionSol,MID,35,0.5143
16.10,Annie,MID,35,0.6286
16.10,Riven,MID,34,0.5588
16.10,Qiyana,MID,34,0.5882
16.10,Akshan,MID,32,0.5
16.10,Leblanc,MID,32,0.5625
16.10,Irelia,MID,31,0.4839
16.10,Vex,MID,31,0.4194
16.10,Cassiopeia,MID,31,0.4194
16.10,Kassadin,MID,30,0.4667
16.10,Naafiri,MID,28,0.5357
16.10,Diana,MID,27,0.4815
16.10,XinZhao,MID,26,0.5
16.10,Taliyah,MID,25,0.56
16.10,Mel,MID,24,0.5833
16.10,Azir,MID,17,0.5882
16.10,Jayce,MID,16,0.5625
16.10,Swain,MID,15,0.4667
16.10,Velkoz,MID,15,0.4667
16.10,Nasus,MID,14,0.6429
16.10,Kayle,MID,12,0.4167
16.10,Pantheon,MID,11,0.7273
16.10,Malphite,MID,11,0.4545
16.10,Gragas,MID,10,0.2
16.10,Karma,MID,10,0.5
16.10,Morgana,MID,9,0.3333
16.10,Quinn,MID,9,0.4444
16.10,Brand,MID,9,0.4444
16.10,Smolder,MID,8,0.375
16.10,Garen,MID,8,0.5
16.10,Tryndamere,MID,8,0.5
16.10,Rumble,MID,8,0.375
16.10,Kled,MID,8,0.5
16.10,Ziggs,MID,8,0.25
16.10,Seraphine,MID,7,0.2857
16.10,Chogath,MID,7,0.4286
16.10,Corki,MID,7,0.2857
16.10,Ezreal,MID,7,0.4286
16.10,Sion,MID,7,0.8571
16.10,Zilean,MID,7,0.5714
16.10,Poppy,MID,6,0.1667
16.10,Zac,MID,6,0.5
16.10,Briar,MID,6,0.5
16.10,Singed,MID,6,0.3333
16.10,Tristana,MID,6,0.5
16.10,Gangplank,MID,6,0.8333
16.10,Caitlyn,MID,5,0.2
16.10,Gwen,MID,5,1.0
16.10,Renekton,MID,5,0.2
16.10,MasterYi,MID,4,0.25
16.10,Twitch,MID,4,0.25
16.10,Ambessa,MID,3,0.6667
16.10,Vayne,MID,3,0.3333
16.10,Draven,MID,3,0.3333
16.10,Lucian,MID,3,0.6667
16.10,Neeko,MID,3,1.0
16.10,Varus,MID,3,0.3333
16.10,Sett,MID,3,0.6667
16.10,JarvanIV,MID,3,0.6667
16.10,Viego,MID,2,0.5
16.10,Udyr,MID,2,0.0
16.10,Teemo,MID,2,1.0
16.10,Heimerdinger,MID,2,0.0
16.10,Shyvana,MID,2,0.5
16.10,Illaoi,MID,2,1.0
16.10,Karthus,MID,2,0.5
16.10,Ornn,MID,2,0.0
16.10,Jhin,MID,2,0.0
16.10,Aatrox,MID,2,0.0
16.10,Zeri,MID,2,1.0
16.10,Kaisa,MID,2,1.0
16.10,Warwick,MID,2,1.0
16.10,KSante,MID,2,0.5
16.10,Mordekaiser,MID,2,1.0
16.10,Kennen,MID,2,0.5
16.10,Xayah,MID,2,0.0
16.10,Zaahen,MID,2,1.0
16.10,Trundle,MID,2,0.5
16.10,MonkeyKing,MID,1,1.0
16.10,MissFortune,MID,1,0.0
16.10,Sivir,MID,1,0.0
16.10,Yorick,MID,1,1.0
16.10,Camille,MID,1,1.0
16.10,Nocturne,MID,1,1.0
16.10,Urgot,MID,1,1.0
16.10,Rengar,MID,1,0.0
16.10,Lulu,MID,1,0.0
16.10,Rakan,MID,1,1.0
16.10,Alistar,MID,1,1.0
16.10,Ashe,MID,1,0.0
16.10,Kindred,MID,1,0.0
16.10,Nidalee,MID,1,1.0
16.10,Gnar,MID,1,0.0
16.10,Yunara,MID,1,0.0
16.10,Graves,MID,1,0.0
16.10,Aphelios,MID,1,1.0
16.10,Nunu,MID,1,1.0
16.10,Darius,MID,1,1.0
16.10,KogMaw,MID,1,0.0
16.10,Thresh,MID,1,1.0
16.10,Elise,MID,1,0.0
16.10,Nami,SUPPORT,178,0.5393
16.10,Thresh,SUPPORT,157,0.586
16.10,Seraphine,SUPPORT,144,0.5278
16.10,Senna,SUPPORT,139,0.5036
16.10,Karma,SUPPORT,122,0.5164
16.10,Bard,SUPPORT,110,0.4455
16.10,Nautilus,SUPPORT,108,0.4815
16.10,Sona,SUPPORT,97,0.4227
16.10,Milio,SUPPORT,92,0.4565
16.10,Pyke,SUPPORT,74,0.473
16.10,Lulu,SUPPORT,74,0.4865
16.10,Soraka,SUPPORT,72,0.5139
16.10,Yuumi,SUPPORT,71,0.4085
16.10,Janna,SUPPORT,68,0.5588
16.10,Leona,SUPPORT,61,0.541
16.10,Braum,SUPPORT,53,0.4717
16.10,Lux,SUPPORT,53,0.6226
16.10,Rell,SUPPORT,50,0.58
16.10,Alistar,SUPPORT,50,0.48
16.10,Rakan,SUPPORT,48,0.5208
16.10,Blitzcrank,SUPPORT,47,0.4681
16.10,Velkoz,SUPPORT,46,0.5435
16.10,Pantheon,SUPPORT,43,0.5349
16.10,Zilean,SUPPORT,41,0.5122
16.10,Morgana,SUPPORT,33,0.2727
16.10,Neeko,SUPPORT,32,0.5938
16.10,Zyra,SUPPORT,31,0.6452
16.10,Brand,SUPPORT,30,0.4333
16.10,TahmKench,SUPPORT,27,0.5926
16.10,Maokai,SUPPORT,24,0.5833
16.10,Xerath,SUPPORT,20,0.4
16.10,Poppy,SUPPORT,18,0.3889
16.10,Swain,SUPPORT,17,0.3529
16.10,Shaco,SUPPORT,17,0.4706
16.10,Elise,SUPPORT,15,0.2667
16.10,Zoe,SUPPORT,15,0.4
16.10,Renata,SUPPORT,12,0.4167
16.10,Taric,SUPPORT,12,0.4167
16.10,Anivia,SUPPORT,12,0.6667
16.10,Sylas,SUPPORT,11,0.7273
16.10,Amumu,SUPPORT,10,0.3
16.10,Mel,SUPPORT,9,0.4444
16.10,Skarner,SUPPORT,8,0.5
16.10,Camille,SUPPORT,8,0.625
16.10,Leblanc,SUPPORT,7,0.5714
16.10,Ashe,SUPPORT,6,0.5
16.10,Teemo,SUPPORT,6,0.3333
16.10,JarvanIV,SUPPORT,6,0.1667
16.10,FiddleSticks,SUPPORT,6,1.0
16.10,Nidalee,SUPPORT,6,0.3333
16.10,Galio,SUPPORT,5,0.2
16.10,Veigar,SUPPORT,5,0.6
16.10,Gragas,SUPPORT,4,0.5
16.10,Nasus,SUPPORT,4,0.25
16.10,Hwei,SUPPORT,4,0.75
16.10,Vi,SUPPORT,3,0.3333
16.10,Nunu,SUPPORT,3,0.3333
16.10,Zac,SUPPORT,3,0.0
16.10,Lissandra,SUPPORT,3,0.3333
16.10,Annie,SUPPORT,2,0.5
16.10,Twitch,SUPPORT,2,0.5
16.10,Ezreal,SUPPORT,2,0.5
16.10,Shen,SUPPORT,2,0.5
16.10,Malphite,SUPPORT,2,1.0
16.10,Sett,SUPPORT,2,0.0
16.10,Ivern,SUPPORT,2,0.5
16.10,Sejuani,SUPPORT,2,0.5
16.10,Akali,SUPPORT,1,0.0
16.10,Heimerdinger,SUPPORT,1,0.0
16.10,Qiyana,SUPPORT,1,1.0
16.10,Rumble,SUPPORT,1,0.0
16.10,Katarina,SUPPORT,1,0.0
16.10,Jax,SUPPORT,1,0.0
16.10,MasterYi,SUPPORT,1,0.0
16.10,Naafiri,SUPPORT,1,0.0
16.10,Syndra,SUPPORT,1,0.0
16.10,Fiora,SUPPORT,1,0.0
16.10,Sion,SUPPORT,1,0.0
16.10,Taliyah,SUPPORT,1,0.0
16.10,Malzahar,SUPPORT,1,1.0
16.10,DrMundo,SUPPORT,1,1.0
16.10,Rammus,SUPPORT,1,0.0
16.10,LeeSin,SUPPORT,1,0.0
16.10,TwistedFate,SUPPORT,1,1.0
16.10,Kaisa,SUPPORT,1,0.0
16.10,Ornn,SUPPORT,1,1.0
16.10,Trundle,SUPPORT,1,1.0
16.10,Singed,SUPPORT,1,1.0
16.10,MissFortune,SUPPORT,1,1.0
16.10,Briar,SUPPORT,1,1.0
16.10,XinZhao,SUPPORT,1,0.0
16.10,Ekko,SUPPORT,1,0.0
16.10,Garen,TOP,109,0.5321
16.10,Malphite,TOP,95,0.5579
16.10,Ornn,TOP,81,0.5185
16.10,Shen,TOP,77,0.5195
16.10,Renekton,TOP,71,0.6197
16.10,Sion,TOP,62,0.4839
16.10,Yone,TOP,61,0.459
16.10,Irelia,TOP,61,0.5082
16.10,Kayle,TOP,61,0.4754
16.10,Teemo,TOP,60,0.5667
16.10,Mordekaiser,TOP,57,0.4737
16.10,Darius,TOP,55,0.2909
16.10,Vladimir,TOP,55,0.5455
16.10,Aatrox,TOP,53,0.5472
16.10,Ambessa,TOP,52,0.6154
16.10,Jax,TOP,52,0.4231
16.10,KSante,TOP,48,0.4167
16.10,Riven,TOP,46,0.5217
16.10,Vayne,TOP,45,0.6222
16.10,Zaahen,TOP,45,0.4
16.10,Urgot,TOP,44,0.5
16.10,Gangplank,TOP,44,0.4545
16.10,Gragas,TOP,43,0.4186
16.10,Singed,TOP,43,0.3953
16.10,Sett,TOP,42,0.4524
16.10,Yasuo,TOP,40,0.475
16.10,Gnar,TOP,39,0.4615
16.10,Warwick,TOP,39,0.5897
16.10,Jayce,TOP,38,0.3421
16.10,DrMundo,TOP,36,0.4722
16.10,Chogath,TOP,34,0.5882
16.10,Yorick,TOP,34,0.4706
16.10,Gwen,TOP,32,0.5938
16.10,Camille,TOP,31,0.4194
16.10,Fiora,TOP,30,0.4
16.10,Rumble,TOP,29,0.4483
16.10,Akali,TOP,29,0.4483
16.10,Tryndamere,TOP,28,0.6429
16.10,Nasus,TOP,28,0.5
16.10,Pantheon,TOP,28,0.6429
16.10,Poppy,TOP,28,0.5
16.10,Volibear,TOP,26,0.5
16.10,Olaf,TOP,24,0.3333
16.10,Varus,TOP,23,0.5652
16.10,XinZhao,TOP,22,0.5909
16.10,Illaoi,TOP,21,0.3333
16.10,Heimerdinger,TOP,20,0.65
16.10,Kled,TOP,20,0.6
16.10,Anivia,TOP,19,0.7368
16.10,Kennen,TOP,18,0.6111
16.10,Udyr,TOP,16,0.375
16.10,Karma,TOP,15,0.4667
16.10,Quinn,TOP,14,0.5714
16.10,Trundle,TOP,12,0.5
16.10,TahmKench,TOP,11,0.7273
16.10,MonkeyKing,TOP,10,0.4
16.10,Aurora,TOP,9,0.4444
16.10,Malzahar,TOP,9,0.6667
16.10,Naafiri,TOP,8,0.5
16.10,MasterYi,TOP,8,0.5
16.10,Shyvana,TOP,8,0.625
16.10,Zed,TOP,8,0.75
16.10,Sylas,TOP,7,0.4286
16.10,Ryze,TOP,6,0.5
16.10,Sejuani,TOP,6,0.6667
16.10,FiddleSticks,TOP,6,0.5
16.10,TwistedFate,TOP,6,0.3333
16.10,Swain,TOP,6,0.5
16.10,Maokai,TOP,6,0.5
16.10,Zilean,TOP,5,0.4
16.10,Kayn,TOP,5,0.2
16.10,LeeSin,TOP,5,0.8
16.10,Viktor,TOP,4,0.5
16.10,Skarner,TOP,4,0.25
16.10,Ahri,TOP,4,0.5
16.10,Akshan,TOP,4,0.25
16.10,Vi,TOP,4,0.0
16.10,Talon,TOP,4,0.25
16.10,Lissandra,TOP,4,0.25
16.10,Brand,TOP,4,0.75
16.10,Syndra,TOP,3,0.6667
16.10,Cassiopeia,TOP,3,0.3333
16.10,Ekko,TOP,3,0.3333
16.10,Zoe,TOP,3,0.3333
16.10,Zac,TOP,3,0.3333
16.10,RekSai,TOP,3,0.3333
16.10,KogMaw,TOP,3,0.3333
16.10,Neeko,TOP,3,0.3333
16.10,Soraka,TOP,2,0.5
16.10,Kassadin,TOP,2,0.5
16.10,Lillia,TOP,2,0.0
16.10,Morgana,TOP,2,0.5
16.10,Azir,TOP,2,0.5
16.10,AurelionSol,TOP,2,0.5
16.10,Smolder,TOP,2,0.5
16.10,Kalista,TOP,2,0.5
16.10,Ezreal,TOP,2,0.5
16.10,Taliyah,TOP,2,1.0
16.10,Briar,TOP,2,0.5
16.10,Draven,TOP,2,0.5
16.10,Nocturne,TOP,2,0.5
16.10,Annie,TOP,2,0.5
16.10,Ivern,TOP,2,0.0
16.10,Galio,TOP,2,0.5
16.10,Zeri,TOP,2,1.0
16.10,Alistar,TOP,1,0.0
16.10,Yuumi,TOP,1,0.0
16.10,Khazix,TOP,1,0.0
16.10,Ziggs,TOP,1,1.0
16.10,Katarina,TOP,1,1.0
16.10,Mel,TOP,1,0.0
16.10,Veigar,TOP,1,0.0
16.10,Qiyana,TOP,1,1.0
16.10,Karthus,TOP,1,1.0
16.10,Kaisa,TOP,1,1.0
16.10,Ashe,TOP,1,0.0
16.10,Evelynn,TOP,1,1.0
16.10,Rell,TOP,1,0.0
16.10,Milio,TOP,1,1.0
16.10,Hecarim,TOP,1,0.0
16.10,Corki,TOP,1,0.0
16.10,Seraphine,TOP,1,1.0
16.10,Nidalee,TOP,1,0.0
16.11,Ezreal,BOT,131,0.4809
16.11,Jhin,BOT,130,0.4615
16.11,Ashe,BOT,129,0.5194
16.11,Caitlyn,BOT,125,0.52
16.11,Jinx,BOT,113,0.4956
16.11,Senna,BOT,108,0.5093
16.11,Kaisa,BOT,75,0.4933
16.11,Lucian,BOT,74,0.473
16.11,Smolder,BOT,64,0.5156
16.11,MissFortune,BOT,61,0.5082
16.11,Zeri,BOT,51,0.4706
16.11,Vayne,BOT,50,0.54
16.11,Aphelios,BOT,47,0.6383
16.11,Tristana,BOT,46,0.4565
16.11,Draven,BOT,46,0.5435
16.11,Seraphine,BOT,45,0.4444
16.11,Varus,BOT,44,0.5227
16.11,Yunara,BOT,42,0.3333
16.11,Samira,BOT,42,0.3095
16.11,Brand,BOT,38,0.5263
16.11,Sivir,BOT,37,0.3243
16.11,Hwei,BOT,37,0.5946
16.11,Twitch,BOT,32,0.5938
16.11,Vladimir,BOT,29,0.5172
16.11,Corki,BOT,28,0.4643
16.11,Xayah,BOT,25,0.52
16.11,Lux,BOT,22,0.6818
16.11,Swain,BOT,22,0.6818
16.11,KogMaw,BOT,19,0.6316
16.11,Mel,BOT,17,0.5294
16.11,Ziggs,BOT,13,0.4615
16.11,Xerath,BOT,12,0.5
16.11,Yasuo,BOT,12,0.5833
16.11,Zyra,BOT,11,0.8182
16.11,Karthus,BOT,11,0.5455
16.11,Veigar,BOT,11,0.3636
16.11,Velkoz,BOT,11,0.5455
16.11,Kalista,BOT,10,0.6
16.11,Nilah,BOT,10,0.4
16.11,AurelionSol,BOT,7,0.5714
16.11,Katarina,BOT,6,0.1667
16.11,Akshan,BOT,5,0.4
16.11,TahmKench,BOT,5,0.6
16.11,Syndra,BOT,4,0.75
16.11,Heimerdinger,BOT,4,0.25
16.11,Irelia,BOT,4,0.5
16.11,Riven,BOT,3,0.0
16.11,Taliyah,BOT,3,0.6667
16.11,Teemo,BOT,3,0.6667
16.11,Viktor,BOT,3,0.6667
16.11,Aurora,BOT,2,0.0
16.11,Ahri,BOT,2,0.5
16.11,Olaf,BOT,2,0.0
16.11,MasterYi,BOT,2,0.0
16.11,Sylas,BOT,2,1.0
16.11,Shen,BOT,2,1.0
16.11,Yone,BOT,1,0.0
16.11,Anivia,BOT,1,1.0
16.11,TwistedFate,BOT,1,0.0
16.11,Ekko,BOT,1,1.0
16.11,LeeSin,BOT,1,1.0
16.11,Mordekaiser,BOT,1,0.0
16.11,Sion,BOT,1,1.0
16.11,Fiora,BOT,1,1.0
16.11,Malzahar,BOT,1,1.0
16.11,Vex,BOT,1,1.0
16.11,Naafiri,BOT,1,0.0
16.11,Neeko,BOT,1,0.0
16.11,Cassiopeia,BOT,1,0.0
16.11,Malphite,BOT,1,0.0
16.11,Rell,BOT,1,0.0
16.11,Sett,BOT,1,0.0
16.11,Zilean,BOT,1,1.0
16.11,LeeSin,JUNGLE,105,0.4
16.11,Graves,JUNGLE,92,0.4891
16.11,Nocturne,JUNGLE,78,0.4744
16.11,JarvanIV,JUNGLE,68,0.4706
16.11,Kayn,JUNGLE,62,0.5
16.11,Diana,JUNGLE,61,0.4918
16.11,Viego,JUNGLE,59,0.5085
16.11,Talon,JUNGLE,53,0.5849
16.11,Khazix,JUNGLE,53,0.4717
16.11,Rengar,JUNGLE,53,0.3962
16.11,Shaco,JUNGLE,52,0.5962
16.11,Ekko,JUNGLE,49,0.4286
16.11,Hecarim,JUNGLE,47,0.5745
16.11,MasterYi,JUNGLE,45,0.4667
16.11,Naafiri,JUNGLE,42,0.4762
16.11,MonkeyKing,JUNGLE,41,0.5122
16.11,Warwick,JUNGLE,41,0.5854
16.11,XinZhao,JUNGLE,40,0.725
16.11,Udyr,JUNGLE,39,0.359
16.11,Nunu,JUNGLE,39,0.5641
16.11,Shyvana,JUNGLE,39,0.5897
16.11,Vi,JUNGLE,38,0.3947
16.11,Briar,JUNGLE,38,0.5526
16.11,Kindred,JUNGLE,37,0.3784
16.11,Volibear,JUNGLE,36,0.5
16.11,RekSai,JUNGLE,34,0.5
16.11,Nidalee,JUNGLE,32,0.5312
16.11,Evelynn,JUNGLE,32,0.6562
16.11,Sylas,JUNGLE,30,0.5333
16.11,Lillia,JUNGLE,28,0.6786
16.11,Belveth,JUNGLE,25,0.76
16.11,Elise,JUNGLE,24,0.5417
16.11,Ambessa,JUNGLE,23,0.4783
16.11,Zac,JUNGLE,21,0.4286
16.11,Quinn,JUNGLE,20,0.65
16.11,Amumu,JUNGLE,19,0.6316
16.11,Karthus,JUNGLE,19,0.4211
16.11,FiddleSticks,JUNGLE,17,0.3529
16.11,Skarner,JUNGLE,15,0.6
16.11,Aatrox,JUNGLE,15,0.6
16.11,Pantheon,JUNGLE,15,0.4
16.11,Jax,JUNGLE,14,0.3571
16.11,Qiyana,JUNGLE,14,0.7857
16.11,Sejuani,JUNGLE,14,0.2143
16.11,Rammus,JUNGLE,12,0.5833
16.11,Zaahen,JUNGLE,11,0.5455
16.11,Zyra,JUNGLE,10,0.4
16.11,Ivern,JUNGLE,10,0.6
16.11,Taliyah,JUNGLE,9,0.3333
16.11,Jayce,JUNGLE,9,0.3333
16.11,Zed,JUNGLE,9,0.1111
16.11,Malphite,JUNGLE,8,0.5
16.11,Brand,JUNGLE,8,0.5
16.11,Darius,JUNGLE,7,0.5714
16.11,Nasus,JUNGLE,7,0.4286
16.11,Gwen,JUNGLE,7,0.4286
16.11,Fizz,JUNGLE,7,0.4286
16.11,Trundle,JUNGLE,7,0.5714
16.11,DrMundo,JUNGLE,6,0.8333
16.11,Shen,JUNGLE,6,0.5
16.11,Olaf,JUNGLE,5,0.4
16.11,Morgana,JUNGLE,4,0.25
16.11,Poppy,JUNGLE,4,0.25
16.11,Teemo,JUNGLE,4,0.75
16.11,Maokai,JUNGLE,3,0.3333
16.11,Chogath,JUNGLE,3,0.3333
16.11,Tryndamere,JUNGLE,3,0.3333
16.11,Twitch,JUNGLE,3,0.3333
16.11,Riven,JUNGLE,2,0.5
16.11,Draven,JUNGLE,2,0.5
16.11,Gragas,JUNGLE,2,1.0
16.11,Zeri,JUNGLE,2,0.0
16.11,AurelionSol,JUNGLE,2,0.0
16.11,Ezreal,JUNGLE,2,0.0
16.11,Galio,JUNGLE,1,0.0
16.11,Singed,JUNGLE,1,0.0
16.11,Urgot,JUNGLE,1,1.0
16.11,Yorick,JUNGLE,1,1.0
16.11,Sion,JUNGLE,1,0.0
16.11,Lucian,JUNGLE,1,0.0
16.11,Ornn,JUNGLE,1,1.0
16.11,Leblanc,JUNGLE,1,1.0
16.11,Katarina,JUNGLE,1,0.0
16.11,Neeko,JUNGLE,1,0.0
16.11,Syndra,JUNGLE,1,1.0
16.11,Sett,JUNGLE,1,1.0
16.11,Camille,JUNGLE,1,0.0
16.11,Ahri,MID,99,0.4848
16.11,Katarina,MID,76,0.5658
16.11,Viktor,MID,76,0.4342
16.11,Ekko,MID,74,0.5811
16.11,Yasuo,MID,65,0.4923
16.11,Riven,MID,60,0.5333
16.11,Zed,MID,53,0.566
16.11,Sylas,MID,53,0.5849
16.11,Malzahar,MID,52,0.5769
16.11,Vladimir,MID,51,0.3725
16.11,Galio,MID,49,0.449
16.11,TwistedFate,MID,48,0.5833
16.11,Lux,MID,48,0.3958
16.11,Akshan,MID,47,0.6383
16.11,Yone,MID,44,0.5682
16.11,Fizz,MID,43,0.3953
16.11,Syndra,MID,43,0.4884
16.11,Orianna,MID,41,0.4878
16.11,Akali,MID,41,0.4878
16.11,Ryze,MID,41,0.5122
16.11,Diana,MID,37,0.5135
16.11,Lissandra,MID,36,0.3889
16.11,Anivia,MID,34,0.4412
16.11,Xerath,MID,34,0.5294
16.11,Hwei,MID,33,0.5152
16.11,Qiyana,MID,31,0.4839
16.11,Aurora,MID,27,0.5185
16.11,Kassadin,MID,26,0.6154
16.11,Naafiri,MID,26,0.4615
16.11,Annie,MID,24,0.5
16.11,Leblanc,MID,24,0.5
16.11,Veigar,MID,24,0.6667
16.11,Vex,MID,22,0.5455
16.11,Cassiopeia,MID,21,0.2381
16.11,Talon,MID,20,0.4
16.11,Zoe,MID,20,0.5
16.11,Azir,MID,20,0.45
16.11,Irelia,MID,18,0.3889
16.11,Brand,MID,17,0.5882
16.11,AurelionSol,MID,17,0.4706
16.11,Taliyah,MID,16,0.5625
16.11,XinZhao,MID,16,0.5625
16.11,Velkoz,MID,15,0.5333
16.11,Mel,MID,14,0.7143
16.11,Smolder,MID,13,0.2308
16.11,Jayce,MID,10,0.7
16.11,Kayle,MID,9,0.2222
16.11,Gragas,MID,9,0.6667
16.11,Pantheon,MID,9,0.4444
16.11,Chogath,MID,8,0.25
16.11,Sion,MID,8,0.875
16.11,Karma,MID,8,0.5
16.11,Malphite,MID,6,0.3333
16.11,Garen,MID,6,0.3333
16.11,Viego,MID,5,0.4
16.11,Gangplank,MID,5,0.4
16.11,Varus,MID,5,0.8
16.11,Tristana,MID,5,0.6
16.11,Nasus,MID,5,0.4
16.11,Swain,MID,5,0.4
16.11,Renekton,MID,5,0.4
16.11,Ambessa,MID,4,0.5
16.11,Rumble,MID,4,0.5
16.11,Twitch,MID,4,0.5
16.11,Zilean,MID,4,0.5
16.11,Corki,MID,3,0.3333
16.11,Tryndamere,MID,3,0.3333
16.11,Aatrox,MID,3,0.6667
16.11,Graves,MID,3,0.0
16.11,Morgana,MID,3,0.0
16.11,Gwen,MID,3,0.0
16.11,Neeko,MID,3,0.3333
16.11,Warwick,MID,3,1.0
16.11,Nunu,MID,3,0.6667
16.11,Kennen,MID,3,0.0
16.11,Ziggs,MID,2,0.5
16.11,Zyra,MID,2,0.0
16.11,Zaahen,MID,2,0.0
16.11,Singed,MID,2,0.5
16.11,Zac,MID,2,1.0
16.11,KogMaw,MID,2,0.5
16.11,Karthus,MID,2,0.5
16.11,Sejuani,MID,2,0.5
16.11,Pyke,MID,2,0.5
16.11,Zeri,MID,2,0.5
16.11,Quinn,MID,2,1.0
16.11,Fiora,MID,2,0.5
16.11,Mordekaiser,MID,2,0.5
16.11,MasterYi,MID,2,1.0
16.11,Sett,MID,2,0.5
16.11,Vayne,MID,2,0.5
16.11,Kaisa,MID,2,0.5
16.11,Urgot,MID,1,1.0
16.11,Lucian,MID,1,0.0
16.11,Khazix,MID,1,1.0
16.11,MissFortune,MID,1,1.0
16.11,Ezreal,MID,1,1.0
16.11,Poppy,MID,1,0.0
16.11,DrMundo,MID,1,1.0
16.11,TahmKench,MID,1,1.0
16.11,Shyvana,MID,1,0.0
16.11,FiddleSticks,MID,1,0.0
16.11,Heimerdinger,MID,1,0.0
16.11,Kayn,MID,1,0.0
16.11,Thresh,MID,1,1.0
16.11,Darius,MID,1,0.0
16.11,Caitlyn,MID,1,1.0
16.11,Olaf,MID,1,1.0
16.11,Kalista,MID,1,1.0
16.11,Gnar,MID,1,1.0
16.11,Shen,MID,1,0.0
16.11,Camille,MID,1,0.0
16.11,Nocturne,MID,1,0.0
16.11,Ivern,MID,1,0.0
16.11,MonkeyKing,MID,1,0.0
16.11,JarvanIV,MID,1,0.0
16.11,Vi,MID,1,0.0
16.11,KSante,MID,1,0.0
16.11,Jhin,MID,1,0.0
16.11,Draven,MID,1,0.0
16.11,Kled,MID,1,1.0
16.11,Thresh,SUPPORT,126,0.4921
16.11,Seraphine,SUPPORT,112,0.5804
16.11,Nautilus,SUPPORT,108,0.5
16.11,Nami,SUPPORT,94,0.5532
16.11,Leona,SUPPORT,92,0.587
16.11,Senna,SUPPORT,80,0.4875
16.11,Bard,SUPPORT,76,0.5921
16.11,Karma,SUPPORT,72,0.4861
16.11,Soraka,SUPPORT,63,0.4762
16.11,Janna,SUPPORT,59,0.5085
16.11,Sona,SUPPORT,57,0.4912
16.11,Pyke,SUPPORT,57,0.4912
16.11,Milio,SUPPORT,56,0.4821
16.11,Rell,SUPPORT,51,0.4314
16.11,Lux,SUPPORT,51,0.5294
16.11,Lulu,SUPPORT,50,0.5
16.11,Braum,SUPPORT,49,0.4286
16.11,Zilean,SUPPORT,47,0.4681
16.11,Blitzcrank,SUPPORT,42,0.5238
16.11,Alistar,SUPPORT,40,0.525
16.11,Yuumi,SUPPORT,39,0.4615
16.11,TahmKench,SUPPORT,36,0.6111
16.11,Velkoz,SUPPORT,34,0.4412
16.11,Zoe,SUPPORT,29,0.5172
16.11,Rakan,SUPPORT,29,0.5517
16.11,Pantheon,SUPPORT,26,0.5385
16.11,Zyra,SUPPORT,22,0.4091
16.11,Morgana,SUPPORT,22,0.5
16.11,Brand,SUPPORT,21,0.4286
16.11,Poppy,SUPPORT,18,0.3889
16.11,Maokai,SUPPORT,16,0.4375
16.11,Neeko,SUPPORT,15,0.6
16.11,Galio,SUPPORT,13,0.6154
16.11,Renata,SUPPORT,13,0.6923
16.11,Xerath,SUPPORT,13,0.1538
16.11,Shen,SUPPORT,12,0.5833
16.11,Anivia,SUPPORT,10,0.2
16.11,Swain,SUPPORT,10,0.4
16.11,Elise,SUPPORT,9,0.3333
16.11,Shaco,SUPPORT,9,0.4444
16.11,Nunu,SUPPORT,7,0.4286
16.11,Sylas,SUPPORT,7,0.5714
16.11,Taric,SUPPORT,7,0.2857
16.11,Amumu,SUPPORT,6,0.5
16.11,Hwei,SUPPORT,6,0.5
16.11,Camille,SUPPORT,6,0.1667
16.11,LeeSin,SUPPORT,5,0.4
16.11,Skarner,SUPPORT,4,0.75
16.11,Zac,SUPPORT,4,0.25
16.11,JarvanIV,SUPPORT,4,0.5
16.11,Trundle,SUPPORT,4,0.25
16.11,FiddleSticks,SUPPORT,4,0.25
16.11,Annie,SUPPORT,4,0.25
16.11,Mel,SUPPORT,4,0.0
16.11,TwistedFate,SUPPORT,3,0.3333
16.11,Qiyana,SUPPORT,3,0.3333
16.11,Teemo,SUPPORT,3,0.6667
16.11,Leblanc,SUPPORT,3,0.6667
16.11,Veigar,SUPPORT,3,0.6667
16.11,Heimerdinger,SUPPORT,3,0.6667
16.11,Orianna,SUPPORT,2,0.0
16.11,Jax,SUPPORT,2,0.0
16.11,XinZhao,SUPPORT,2,0.5
16.11,Nidalee,SUPPORT,2,1.0
16.11,Ashe,SUPPORT,2,0.0
16.11,Gragas,SUPPORT,2,0.5
16.11,Naafiri,SUPPORT,2,0.0
16.11,Varus,SUPPORT,2,0.0
16.11,Ekko,SUPPORT,1,0.0
16.11,Aatrox,SUPPORT,1,0.0
16.11,MonkeyKing,SUPPORT,1,0.0
16.11,Ezreal,SUPPORT,1,1.0
16.11,Rengar,SUPPORT,1,1.0
16.11,Syndra,SUPPORT,1,1.0
16.11,Zaahen,SUPPORT,1,0.0
16.11,Twitch,SUPPORT,1,0.0
16.11,Ornn,SUPPORT,1,1.0
16.11,Yasuo,SUPPORT,1,0.0
16.11,Tristana,SUPPORT,1,1.0
16.11,Sejuani,SUPPORT,1,1.0
16.11,Malzahar,SUPPORT,1,0.0
16.11,Malphite,SUPPORT,1,1.0
16.11,Ahri,SUPPORT,1,1.0
16.11,Sion,SUPPORT,1,1.0
16.11,Ivern,SUPPORT,1,1.0
16.11,Singed,SUPPORT,1,0.0
16.11,KSante,SUPPORT,1,1.0
16.11,Lissandra,SUPPORT,1,1.0
16.11,Taliyah,SUPPORT,1,0.0
16.11,Garen,TOP,91,0.5165
16.11,Malphite,TOP,62,0.5323
16.11,Gangplank,TOP,57,0.5789
16.11,Ornn,TOP,51,0.4706
16.11,Irelia,TOP,49,0.4286
16.11,Darius,TOP,49,0.5306
16.11,Aatrox,TOP,47,0.5106
16.11,Sion,TOP,47,0.4043
16.11,Jayce,TOP,45,0.4222
16.11,Shen,TOP,45,0.3778
16.11,KSante,TOP,45,0.4
16.11,Renekton,TOP,44,0.4318
16.11,Jax,TOP,44,0.5
16.11,Yone,TOP,43,0.5814
16.11,Singed,TOP,43,0.3953
16.11,Mordekaiser,TOP,43,0.4419
16.11,DrMundo,TOP,42,0.5238
16.11,Urgot,TOP,40,0.625
16.11,Fiora,TOP,39,0.4872
16.11,Riven,TOP,38,0.5
16.11,Kled,TOP,35,0.4
16.11,Gragas,TOP,34,0.5294
16.11,Camille,TOP,34,0.2941
16.11,Tryndamere,TOP,34,0.4118
16.11,Sett,TOP,33,0.5152
16.11,Ambessa,TOP,31,0.7419
16.11,Teemo,TOP,31,0.5161
16.11,Akali,TOP,29,0.5517
16.11,Vayne,TOP,26,0.6923
16.11,Gnar,TOP,26,0.3462
16.11,Yorick,TOP,26,0.7692
16.11,Yasuo,TOP,25,0.4
16.11,Pantheon,TOP,24,0.5
16.11,XinZhao,TOP,24,0.5417
16.11,Zaahen,TOP,24,0.4583
16.11,Gwen,TOP,23,0.5652
16.11,Vladimir,TOP,23,0.4783
16.11,Nasus,TOP,22,0.5455
16.11,Kayle,TOP,21,0.4762
16.11,Olaf,TOP,21,0.6667
16.11,Volibear,TOP,20,0.3
16.11,Chogath,TOP,18,0.5556
16.11,Rumble,TOP,18,0.6667
16.11,Illaoi,TOP,18,0.4444
16.11,Warwick,TOP,17,0.4706
16.11,Kennen,TOP,16,0.3125
16.11,Varus,TOP,16,0.375
16.11,TahmKench,TOP,15,0.6
16.11,MonkeyKing,TOP,13,0.5385
16.11,Poppy,TOP,13,0.5385
16.11,Anivia,TOP,12,0.6667
16.11,Trundle,TOP,12,0.5
16.11,Udyr,TOP,11,0.4545
16.11,Cassiopeia,TOP,10,0.6
16.11,Heimerdinger,TOP,10,0.8
16.11,Quinn,TOP,8,0.625
16.11,Ryze,TOP,8,0.625
16.11,LeeSin,TOP,8,0.625
16.11,Sylas,TOP,8,0.625
16.11,Aurora,TOP,7,0.5714
16.11,Elise,TOP,6,0.8333
16.11,Swain,TOP,6,0.3333
16.11,TwistedFate,TOP,6,0.8333
16.11,Maokai,TOP,6,0.3333
16.11,Lissandra,TOP,5,0.8
16.11,Karma,TOP,5,0.2
16.11,Zoe,TOP,4,0.75
16.11,Zeri,TOP,4,0.25
16.11,Fizz,TOP,4,0.5
16.11,RekSai,TOP,4,0.25
16.11,Galio,TOP,4,0.5
16.11,Viktor,TOP,4,1.0
16.11,Naafiri,TOP,4,0.5
16.11,Zac,TOP,4,0.25
16.11,Malzahar,TOP,3,0.0
16.11,Ekko,TOP,3,0.6667
16.11,Rammus,TOP,3,0.3333
16.11,Smolder,TOP,3,0.3333
16.11,AurelionSol,TOP,3,0.6667
16.11,Akshan,TOP,3,0.3333
16.11,Kayn,TOP,3,0.6667
16.11,Rengar,TOP,3,0.6667
16.11,Katarina,TOP,2,1.0
16.11,Neeko,TOP,2,0.5
16.11,Zed,TOP,2,0.5
16.11,Leblanc,TOP,2,0.0
16.11,FiddleSticks,TOP,2,0.5
16.11,Nidalee,TOP,2,0.5
16.11,Sona,TOP,2,0.5
16.11,Briar,TOP,2,1.0
16.11,Kassadin,TOP,2,1.0
16.11,Skarner,TOP,2,0.5
16.11,Kaisa,TOP,2,0.0
16.11,Graves,TOP,2,0.0
16.11,Alistar,TOP,2,0.0
16.11,Ezreal,TOP,2,1.0
16.11,Zilean,TOP,1,1.0
16.11,Caitlyn,TOP,1,1.0
16.11,Belveth,TOP,1,0.0
16.11,Twitch,TOP,1,0.0
16.11,Lucian,TOP,1,0.0
16.11,Bard,TOP,1,0.0
16.11,Nautilus,TOP,1,1.0
16.11,Velkoz,TOP,1,0.0
16.11,Jhin,TOP,1,1.0
16.11,Morgana,TOP,1,1.0
16.11,Vi,TOP,1,0.0
16.11,Ziggs,TOP,1,0.0
16.11,Lux,TOP,1,1.0
16.11,Senna,TOP,1,1.0
16.11,Brand,TOP,1,1.0
16.11,Sejuani,TOP,1,0.0
16.11,Tristana,TOP,1,0.0
16.11,Mel,TOP,1,0.0
16.11,Diana,TOP,1,1.0
16.11,MasterYi,TOP,1,0.0
16.12,Senna,BOT,228,0.5395
16.12,Jhin,BOT,178,0.5506
16.12,Caitlyn,BOT,169,0.4615
16.12,Jinx,BOT,165,0.5576
16.12,Ezreal,BOT,142,0.4577
16.12,Ashe,BOT,138,0.5362
16.12,Lucian,BOT,117,0.3846
16.12,Tristana,BOT,107,0.6075
16.12,Kaisa,BOT,81,0.5185
16.12,Draven,BOT,71,0.4225
16.12,Aphelios,BOT,70,0.4857
16.12,Smolder,BOT,65,0.6615
16.12,Twitch,BOT,63,0.4444
16.12,Lux,BOT,62,0.6613
16.12,Yunara,BOT,61,0.4918
16.12,MissFortune,BOT,58,0.4138
16.12,Zeri,BOT,57,0.3158
16.12,Seraphine,BOT,56,0.5179
16.12,Samira,BOT,54,0.5185
16.12,Sivir,BOT,52,0.4808
16.12,Vayne,BOT,50,0.52
16.12,Xayah,BOT,48,0.5417
16.12,Brand,BOT,47,0.4043
16.12,Varus,BOT,42,0.5238
16.12,Kalista,BOT,35,0.5429
16.12,Hwei,BOT,31,0.4194
16.12,KogMaw,BOT,29,0.3793
16.12,Yasuo,BOT,27,0.4444
16.12,Ziggs,BOT,26,0.3077
16.12,Corki,BOT,24,0.4583
16.12,Swain,BOT,23,0.4783
16.12,Veigar,BOT,22,0.4545
16.12,Mel,BOT,20,0.4
16.12,Karthus,BOT,18,0.5556
16.12,Katarina,BOT,14,0.7143
16.12,Velkoz,BOT,13,0.3846
16.12,Xerath,BOT,12,0.4167
16.12,TahmKench,BOT,12,0.4167
16.12,Syndra,BOT,11,0.4545
16.12,Vladimir,BOT,11,0.3636
16.12,AurelionSol,BOT,9,0.4444
16.12,Nilah,BOT,9,0.6667
16.12,Zyra,BOT,8,0.875
16.12,Viktor,BOT,8,0.25
16.12,Irelia,BOT,5,0.0
16.12,Taliyah,BOT,5,0.6
16.12,Fiora,BOT,4,0.5
16.12,Heimerdinger,BOT,4,0.25
16.12,Malzahar,BOT,4,0.5
16.12,Cassiopeia,BOT,3,1.0
16.12,TwistedFate,BOT,3,0.6667
16.12,Briar,BOT,3,1.0
16.12,Morgana,BOT,3,0.6667
16.12,Soraka,BOT,2,1.0
16.12,Udyr,BOT,2,0.5
16.12,Anivia,BOT,2,1.0
16.12,Rengar,BOT,2,1.0
16.12,Teemo,BOT,2,0.0
16.12,Olaf,BOT,2,0.5
16.12,Sion,BOT,2,0.5
16.12,Ahri,BOT,1,0.0
16.12,Kled,BOT,1,0.0
16.12,Zaahen,BOT,1,0.0
16.12,Pyke,BOT,1,1.0
16.12,Warwick,BOT,1,0.0
16.12,Fizz,BOT,1,1.0
16.12,DrMundo,BOT,1,1.0
16.12,Jayce,BOT,1,0.0
16.12,Quinn,BOT,1,1.0
16.12,Gnar,BOT,1,1.0
16.12,Qiyana,BOT,1,1.0
16.12,Riven,BOT,1,0.0
16.12,JarvanIV,BOT,1,0.0
16.12,Lillia,BOT,1,0.0
16.12,Lissandra,BOT,1,0.0
16.12,Akshan,BOT,1,1.0
16.12,Sett,BOT,1,0.0
16.12,Diana,BOT,1,1.0
16.12,Neeko,BOT,1,0.0
16.12,LeeSin,BOT,1,0.0
16.12,Viego,JUNGLE,141,0.5177
16.12,Graves,JUNGLE,129,0.4961
16.12,Briar,JUNGLE,114,0.5702
16.12,LeeSin,JUNGLE,104,0.4327
16.12,MasterYi,JUNGLE,98,0.5408
16.12,Kayn,JUNGLE,94,0.4468
16.12,Sylas,JUNGLE,84,0.4048
16.12,JarvanIV,JUNGLE,83,0.5301
16.12,Nocturne,JUNGLE,80,0.575
16.12,Talon,JUNGLE,75,0.4667
16.12,Nunu,JUNGLE,73,0.5068
16.12,Diana,JUNGLE,66,0.4545
16.12,Rengar,JUNGLE,65,0.5231
16.12,Shaco,JUNGLE,59,0.661
16.12,Khazix,JUNGLE,59,0.4237
16.12,Naafiri,JUNGLE,58,0.4828
16.12,Warwick,JUNGLE,57,0.5088
16.12,Shyvana,JUNGLE,55,0.4545
16.12,MonkeyKing,JUNGLE,54,0.5
16.12,XinZhao,JUNGLE,53,0.5849
16.12,RekSai,JUNGLE,53,0.6226
16.12,Hecarim,JUNGLE,51,0.5098
16.12,Vi,JUNGLE,50,0.5
16.12,Kindred,JUNGLE,46,0.5217
16.12,Belveth,JUNGLE,44,0.5682
16.12,Ekko,JUNGLE,43,0.6047
16.12,Evelynn,JUNGLE,42,0.4524
16.12,Udyr,JUNGLE,39,0.4103
16.12,Lillia,JUNGLE,37,0.4865
16.12,Ambessa,JUNGLE,35,0.4
16.12,Volibear,JUNGLE,35,0.6286
16.12,Nasus,JUNGLE,34,0.5588
16.12,Zac,JUNGLE,34,0.5882
16.12,Nidalee,JUNGLE,34,0.3235
16.12,Sejuani,JUNGLE,28,0.5714
16.12,FiddleSticks,JUNGLE,27,0.4815
16.12,Aatrox,JUNGLE,26,0.5
16.12,Ivern,JUNGLE,23,0.3913
16.12,Elise,JUNGLE,22,0.5
16.12,Jax,JUNGLE,20,0.35
16.12,Amumu,JUNGLE,17,0.4118
16.12,Skarner,JUNGLE,16,0.375
16.12,Karthus,JUNGLE,15,0.5333
16.12,Jayce,JUNGLE,14,0.3571
16.12,Zyra,JUNGLE,14,0.7143
16.12,Qiyana,JUNGLE,14,0.5714
16.12,Rammus,JUNGLE,13,0.6923
16.12,Zaahen,JUNGLE,13,0.3846
16.12,Olaf,JUNGLE,12,0.4167
16.12,Quinn,JUNGLE,11,0.3636
16.12,Gragas,JUNGLE,10,0.3
16.12,Maokai,JUNGLE,9,0.7778
16.12,Zed,JUNGLE,8,0.375
16.12,Darius,JUNGLE,7,0.5714
16.12,Trundle,JUNGLE,7,0.2857
16.12,DrMundo,JUNGLE,7,0.5714
16.12,Fizz,JUNGLE,7,0.5714
16.12,Singed,JUNGLE,7,0.5714
16.12,Chogath,JUNGLE,6,0.5
16.12,Teemo,JUNGLE,6,0.5
16.12,Poppy,JUNGLE,6,0.5
16.12,Gwen,JUNGLE,6,0.5
16.12,Taliyah,JUNGLE,5,0.4
16.12,Riven,JUNGLE,5,0.4
16.12,Pantheon,JUNGLE,5,0.2
16.12,Tryndamere,JUNGLE,5,0.4
16.12,Malphite,JUNGLE,5,0.4
16.12,Shen,JUNGLE,4,0.25
16.12,Urgot,JUNGLE,4,0.75
16.12,Mordekaiser,JUNGLE,4,0.75
16.12,Brand,JUNGLE,3,0.3333
16.12,Vayne,JUNGLE,3,0.0
16.12,Neeko,JUNGLE,3,0.0
16.12,Rumble,JUNGLE,3,1.0
16.12,Morgana,JUNGLE,3,0.0
16.12,Nautilus,JUNGLE,2,0.0
16.12,Ezreal,JUNGLE,2,0.5
16.12,Camille,JUNGLE,2,0.5
16.12,Yorick,JUNGLE,1,1.0
16.12,Katarina,JUNGLE,1,0.0
16.12,TwistedFate,JUNGLE,1,0.0
16.12,Corki,JUNGLE,1,0.0
16.12,Garen,JUNGLE,1,0.0
16.12,Ahri,MID,161,0.5652
16.12,Syndra,MID,128,0.5156
16.12,Sylas,MID,114,0.5877
16.12,Viktor,MID,111,0.5135
16.12,Yasuo,MID,95,0.4947
16.12,TwistedFate,MID,93,0.5484
16.12,Hwei,MID,83,0.5422
16.12,Katarina,MID,79,0.4304
16.12,Yone,MID,77,0.4416
16.12,Akali,MID,74,0.527
16.12,Galio,MID,71,0.4085
16.12,Malzahar,MID,68,0.4706
16.12,Zed,MID,67,0.4627
16.12,Fizz,MID,66,0.5152
16.12,Lux,MID,58,0.5
16.12,Ekko,MID,58,0.3966
16.12,Vladimir,MID,53,0.5283
16.12,Lissandra,MID,52,0.4808
16.12,Veigar,MID,49,0.5714
16.12,Orianna,MID,48,0.5625
16.12,Akshan,MID,48,0.5833
16.12,Diana,MID,48,0.4375
16.12,Aurora,MID,45,0.5778
16.12,Xerath,MID,41,0.3659
16.12,Anivia,MID,39,0.4359
16.12,Ryze,MID,38,0.3421
16.12,Leblanc,MID,36,0.3889
16.12,Qiyana,MID,36,0.5
16.12,Annie,MID,33,0.5455
16.12,Kassadin,MID,32,0.4375
16.12,Zoe,MID,29,0.5862
16.12,Naafiri,MID,29,0.3448
16.12,Azir,MID,28,0.5
16.12,Talon,MID,26,0.6154
16.12,Mel,MID,26,0.4231
16.12,Riven,MID,25,0.44
16.12,Irelia,MID,24,0.4167
16.12,AurelionSol,MID,22,0.4091
16.12,Cassiopeia,MID,19,0.5789
16.12,Vex,MID,19,0.3684
16.12,Velkoz,MID,15,0.6
16.12,Swain,MID,15,0.4667
16.12,Gragas,MID,14,0.5
16.12,Ziggs,MID,13,0.3846
16.12,Sion,MID,13,0.5385
16.12,Taliyah,MID,11,0.6364
16.12,Tristana,MID,11,0.3636
16.12,Jayce,MID,10,0.5
16.12,Brand,MID,10,0.4
16.12,Smolder,MID,10,0.6
16.12,Kayle,MID,10,0.5
16.12,Gwen,MID,10,0.3
16.12,Singed,MID,9,0.8889
16.12,XinZhao,MID,9,0.4444
16.12,Ezreal,MID,9,0.5556
16.12,Malphite,MID,8,0.5
16.12,Zilean,MID,8,0.5
16.12,Tryndamere,MID,7,0.5714
16.12,Chogath,MID,7,0.5714
16.12,Rumble,MID,7,0.7143
16.12,Garen,MID,6,0.8333
16.12,Seraphine,MID,6,0.6667
16.12,Pantheon,MID,6,0.5
16.12,Nasus,MID,5,0.2
16.12,Neeko,MID,5,0.8
16.12,KogMaw,MID,5,0.6
16.12,Renekton,MID,4,1.0
16.12,FiddleSticks,MID,4,0.25
16.12,Zeri,MID,4,0.75
16.12,KSante,MID,4,0.25
16.12,Heimerdinger,MID,4,0.25
16.12,Illaoi,MID,4,1.0
16.12,Karthus,MID,4,0.25
16.12,Mordekaiser,MID,4,0.75
16.12,Viego,MID,3,0.0
16.12,Kennen,MID,3,0.6667
16.12,Morgana,MID,3,0.0
16.12,Thresh,MID,3,0.3333
16.12,Aatrox,MID,3,0.0
16.12,Yorick,MID,3,1.0
16.12,Darius,MID,3,0.3333
16.12,Jhin,MID,3,0.6667
16.12,Nunu,MID,3,0.6667
16.12,Corki,MID,3,0.6667
16.12,DrMundo,MID,2,0.5
16.12,Shen,MID,2,0.0
16.12,Twitch,MID,2,0.0
16.12,Kaisa,MID,2,1.0
16.12,Ambessa,MID,2,0.0
16.12,Sett,MID,2,0.5
16.12,Poppy,MID,2,0.0
16.12,Zaahen,MID,2,1.0
16.12,TahmKench,MID,2,0.0
16.12,Gangplank,MID,2,1.0
16.12,Karma,MID,2,0.5
16.12,Ivern,MID,2,0.5
16.12,Gnar,MID,2,0.0
16.12,MonkeyKing,MID,2,0.5
16.12,Caitlyn,MID,2,0.5
16.12,Urgot,MID,2,1.0
16.12,Quinn,MID,2,0.0
16.12,MasterYi,MID,2,0.0
16.12,Elise,MID,1,1.0
16.12,Maokai,MID,1,1.0
16.12,LeeSin,MID,1,0.0
16.12,Volibear,MID,1,1.0
16.12,Nautilus,MID,1,0.0
16.12,Lucian,MID,1,1.0
16.12,Draven,MID,1,1.0
16.12,Sivir,MID,1,1.0
16.12,Olaf,MID,1,0.0
16.12,Shaco,MID,1,1.0
16.12,JarvanIV,MID,1,1.0
16.12,Camille,MID,1,1.0
16.12,Senna,MID,1,1.0
16.12,Kled,MID,1,0.0
16.12,Varus,MID,1,1.0
16.12,Soraka,MID,1,0.0
16.12,Nidalee,MID,1,1.0
16.12,Jinx,MID,1,0.0
16.12,Skarner,MID,1,0.0
16.12,Udyr,MID,1,0.0
16.12,Vayne,MID,1,1.0
16.12,Zyra,MID,1,1.0
16.12,Briar,MID,1,1.0
16.12,Vi,MID,1,1.0
16.12,Sona,MID,1,0.0
16.12,Teemo,MID,1,0.0
16.12,Samira,MID,1,1.0
16.12,Seraphine,SUPPORT,193,0.5337
16.12,Thresh,SUPPORT,172,0.564
16.12,Nami,SUPPORT,153,0.4314
16.12,Nautilus,SUPPORT,130,0.5077
16.12,Bard,SUPPORT,118,0.5339
16.12,Leona,SUPPORT,109,0.4495
16.12,Soraka,SUPPORT,102,0.4314
16.12,Lulu,SUPPORT,83,0.4578
16.12,Karma,SUPPORT,81,0.4568
16.12,Sona,SUPPORT,79,0.4177
16.12,Senna,SUPPORT,78,0.5385
16.12,Milio,SUPPORT,78,0.5385
16.12,Pyke,SUPPORT,76,0.5263
16.12,Yuumi,SUPPORT,63,0.4762
16.12,Blitzcrank,SUPPORT,61,0.4754
16.12,Janna,SUPPORT,59,0.5424
16.12,Braum,SUPPORT,59,0.5085
16.12,Alistar,SUPPORT,58,0.5517
16.12,Zilean,SUPPORT,55,0.4727
16.12,Lux,SUPPORT,54,0.5
16.12,Rell,SUPPORT,50,0.42
16.12,Velkoz,SUPPORT,49,0.551
16.12,Rakan,SUPPORT,43,0.5814
16.12,Morgana,SUPPORT,38,0.3684
16.12,TahmKench,SUPPORT,37,0.5676
16.12,Zyra,SUPPORT,36,0.4444
16.12,Xerath,SUPPORT,36,0.5
16.12,Brand,SUPPORT,34,0.4412
16.12,Maokai,SUPPORT,33,0.6364
16.12,Zoe,SUPPORT,31,0.6452
16.12,Swain,SUPPORT,29,0.4483
16.12,Neeko,SUPPORT,26,0.6154
16.12,Poppy,SUPPORT,25,0.48
16.12,Taric,SUPPORT,22,0.3636
16.12,Renata,SUPPORT,21,0.5714
16.12,Pantheon,SUPPORT,20,0.5
16.12,Galio,SUPPORT,17,0.2941
16.12,Mel,SUPPORT,16,0.5625
16.12,Sylas,SUPPORT,15,0.4667
16.12,Camille,SUPPORT,14,0.4286
16.12,Anivia,SUPPORT,14,0.6429
16.12,Shaco,SUPPORT,12,0.5
16.12,Elise,SUPPORT,11,0.6364
16.12,Amumu,SUPPORT,11,0.8182
16.12,Shen,SUPPORT,8,0.5
16.12,FiddleSticks,SUPPORT,7,0.4286
16.12,Ivern,SUPPORT,7,0.2857
16.12,Ezreal,SUPPORT,5,0.8
16.12,Skarner,SUPPORT,5,0.4
16.12,JarvanIV,SUPPORT,4,0.75
16.12,Sion,SUPPORT,4,0.5
16.12,Hwei,SUPPORT,4,0.75
16.12,Veigar,SUPPORT,4,0.5
16.12,Ashe,SUPPORT,4,0.5
16.12,Leblanc,SUPPORT,3,0.3333
16.12,TwistedFate,SUPPORT,3,0.0
16.12,Gragas,SUPPORT,3,0.3333
16.12,Teemo,SUPPORT,3,0.3333
16.12,Annie,SUPPORT,3,0.0
16.12,Singed,SUPPORT,3,0.6667
16.12,Yasuo,SUPPORT,2,0.5
16.12,Fiora,SUPPORT,2,1.0
16.12,LeeSin,SUPPORT,2,0.5
16.12,Gangplank,SUPPORT,2,0.5
16.12,Ahri,SUPPORT,2,0.5
16.12,Syndra,SUPPORT,2,0.5
16.12,Nunu,SUPPORT,2,0.5
16.12,Twitch,SUPPORT,2,0.5
16.12,Rengar,SUPPORT,2,0.5
16.12,Lissandra,SUPPORT,2,1.0
16.12,Taliyah,SUPPORT,2,1.0
16.12,Sett,SUPPORT,2,0.5
16.12,Nasus,SUPPORT,1,1.0
16.12,MasterYi,SUPPORT,1,0.0
16.12,MonkeyKing,SUPPORT,1,0.0
16.12,Jayce,SUPPORT,1,0.0
16.12,AurelionSol,SUPPORT,1,0.0
16.12,Samira,SUPPORT,1,0.0
16.12,Viego,SUPPORT,1,0.0
16.12,Chogath,SUPPORT,1,1.0
16.12,Heimerdinger,SUPPORT,1,1.0
16.12,Varus,SUPPORT,1,1.0
16.12,Rammus,SUPPORT,1,1.0
16.12,Malphite,SUPPORT,1,1.0
16.12,Zaahen,SUPPORT,1,0.0
16.12,Zac,SUPPORT,1,0.0
16.12,MissFortune,SUPPORT,1,0.0
16.12,Nidalee,SUPPORT,1,0.0
16.12,Akali,SUPPORT,1,0.0
16.12,Garen,TOP,99,0.5354
16.12,Yone,TOP,95,0.4842
16.12,Gangplank,TOP,94,0.5213
16.12,Darius,TOP,85,0.4353
16.12,Ornn,TOP,79,0.5316
16.12,Jax,TOP,77,0.4675
16.12,Sion,TOP,76,0.4079
16.12,Aatrox,TOP,75,0.4933
16.12,Malphite,TOP,74,0.5676
16.12,Camille,TOP,72,0.5278
16.12,Fiora,TOP,69,0.5217
16.12,Shen,TOP,67,0.4925
16.12,Renekton,TOP,64,0.4688
16.12,Mordekaiser,TOP,61,0.4754
16.12,Riven,TOP,59,0.5763
16.12,DrMundo,TOP,55,0.3818
16.12,Singed,TOP,54,0.4444
16.12,Irelia,TOP,53,0.5849
16.12,Jayce,TOP,52,0.4615
16.12,Zaahen,TOP,50,0.54
16.12,KSante,TOP,47,0.4681
16.12,Vayne,TOP,45,0.3778
16.12,Sett,TOP,45,0.4444
16.12,Teemo,TOP,43,0.5581
16.12,Volibear,TOP,41,0.6098
16.12,Urgot,TOP,40,0.55
16.12,Chogath,TOP,39,0.641
16.12,Illaoi,TOP,38,0.6053
16.12,Gnar,TOP,36,0.4722
16.12,Yorick,TOP,36,0.4722
16.12,Tryndamere,TOP,36,0.5556
16.12,Ambessa,TOP,35,0.5143
16.12,Akali,TOP,34,0.4412
16.12,Olaf,TOP,34,0.4706
16.12,Pantheon,TOP,33,0.5455
16.12,Kled,TOP,31,0.4839
16.12,Nasus,TOP,30,0.5
16.12,MonkeyKing,TOP,28,0.3929
16.12,Gragas,TOP,27,0.5185
16.12,Yasuo,TOP,27,0.6296
16.12,Kayle,TOP,26,0.5
16.12,Gwen,TOP,25,0.4
16.12,Vladimir,TOP,23,0.4783
16.12,Trundle,TOP,19,0.4737
16.12,Heimerdinger,TOP,19,0.2632
16.12,Rumble,TOP,18,0.3333
16.12,Warwick,TOP,18,0.3889
16.12,Quinn,TOP,16,0.4375
16.12,Poppy,TOP,12,0.4167
16.12,Kennen,TOP,12,0.4167
16.12,Aurora,TOP,11,0.3636
16.12,Naafiri,TOP,10,0.5
16.12,TahmKench,TOP,10,0.3
16.12,Sylas,TOP,9,0.7778
16.12,Varus,TOP,9,0.6667
16.12,Cassiopeia,TOP,8,0.625
16.12,Zac,TOP,8,0.5
16.12,MasterYi,TOP,8,0.625
16.12,Lissandra,TOP,8,0.5
16.12,TwistedFate,TOP,8,0.125
16.12,FiddleSticks,TOP,7,0.7143
16.12,RekSai,TOP,7,0.8571
16.12,Maokai,TOP,7,0.7143
16.12,Kayn,TOP,7,0.4286
16.12,Zilean,TOP,7,0.2857
16.12,Udyr,TOP,6,0.3333
16.12,Anivia,TOP,6,0.8333
16.12,Ahri,TOP,6,0.5
16.12,Swain,TOP,6,0.8333
16.12,XinZhao,TOP,6,0.5
16.12,Ryze,TOP,6,0.5
16.12,Malzahar,TOP,6,0.6667
16.12,Viego,TOP,6,0.5
16.12,Sejuani,TOP,5,0.8
16.12,Nidalee,TOP,5,0.4
16.12,Zed,TOP,5,0.4
16.12,Viktor,TOP,5,0.8
16.12,Galio,TOP,5,0.4
16.12,Annie,TOP,4,0.5
16.12,Graves,TOP,4,0.5
16.12,Veigar,TOP,4,1.0
16.12,Shyvana,TOP,4,0.25
16.12,Draven,TOP,4,0.25
16.12,Diana,TOP,4,0.5
16.12,Brand,TOP,3,1.0
16.12,Smolder,TOP,3,1.0
16.12,Rammus,TOP,3,1.0
16.12,Kalista,TOP,3,0.3333
16.12,Rengar,TOP,3,0.3333
16.12,Hwei,TOP,3,0.3333
16.12,Akshan,TOP,3,0.3333
16.12,Kaisa,TOP,3,0.3333
16.12,Tristana,TOP,3,0.3333
16.12,Taliyah,TOP,2,1.0
16.12,Skarner,TOP,2,1.0
16.12,Lux,TOP,2,0.5
16.12,Vex,TOP,2,0.5
16.12,Fizz,TOP,2,1.0
16.12,Nocturne,TOP,2,0.5
16.12,Syndra,TOP,2,1.0
16.12,Ekko,TOP,2,0.0
16.12,Ivern,TOP,2,1.0
16.12,Azir,TOP,2,0.5
16.12,Samira,TOP,1,0.0
16.12,Janna,TOP,1,0.0
16.12,MissFortune,TOP,1,1.0
16.12,Morgana,TOP,1,1.0
16.12,Caitlyn,TOP,1,0.0
16.12,Xayah,TOP,1,0.0
16.12,Qiyana,TOP,1,1.0
16.12,Karma,TOP,1,0.0
16.12,KogMaw,TOP,1,0.0
16.12,Karthus,TOP,1,0.0
16.12,Rell,TOP,1,1.0
16.12,Orianna,TOP,1,1.0
16.12,Belveth,TOP,1,0.0
16.12,Briar,TOP,1,1.0
16.12,Velkoz,TOP,1,1.0
16.12,Zeri,TOP,1,0.0
16.12,Zyra,TOP,1,1.0
16.12,Talon,TOP,1,0.0
16.12,Leblanc,TOP,1,0.0
16.12,Zoe,TOP,1,0.0
16.12,JarvanIV,TOP,1,1.0
16.13,Jhin,BOT,158,0.6076
16.13,Jinx,BOT,112,0.4286
16.13,Senna,BOT,109,0.5138
16.13,Ashe,BOT,105,0.5238
16.13,Caitlyn,BOT,99,0.5051
16.13,Ezreal,BOT,99,0.4444
16.13,Kaisa,BOT,86,0.4767
16.13,Lucian,BOT,68,0.4559
16.13,Tristana,BOT,66,0.5606
16.13,Seraphine,BOT,62,0.6613
16.13,Aphelios,BOT,57,0.4912
16.13,Twitch,BOT,56,0.4643
16.13,MissFortune,BOT,44,0.4773
16.13,Draven,BOT,42,0.5238
16.13,Sivir,BOT,42,0.4762
16.13,Vayne,BOT,40,0.45
16.13,Smolder,BOT,39,0.641
16.13,Zeri,BOT,38,0.3947
16.13,Yunara,BOT,37,0.4595
16.13,Hwei,BOT,37,0.5676
16.13,Lux,BOT,36,0.5278
16.13,Xayah,BOT,29,0.3103
16.13,Samira,BOT,24,0.4583
16.13,Varus,BOT,24,0.4167
16.13,Kalista,BOT,20,0.45
16.13,Corki,BOT,20,0.35
16.13,Mel,BOT,20,0.3
16.13,Swain,BOT,19,0.6316
16.13,Yasuo,BOT,19,0.6316
16.13,Brand,BOT,18,0.2778
16.13,Ziggs,BOT,15,0.4667
16.13,Xerath,BOT,15,0.4667
16.13,KogMaw,BOT,15,0.4
16.13,Veigar,BOT,14,0.7143
16.13,Vladimir,BOT,14,0.3571
16.13,AurelionSol,BOT,13,0.3846
16.13,Nilah,BOT,13,0.8462
16.13,Karthus,BOT,12,0.5833
16.13,Syndra,BOT,12,0.6667
16.13,Viktor,BOT,10,0.3
16.13,Locke,BOT,9,0.3333
16.13,Zyra,BOT,6,0.5
16.13,TahmKench,BOT,6,0.5
16.13,Velkoz,BOT,5,0.8
16.13,TwistedFate,BOT,5,0.4
16.13,Katarina,BOT,3,0.3333
16.13,Fiora,BOT,3,0.0
16.13,Zed,BOT,3,0.3333
16.13,Cassiopeia,BOT,2,0.5
16.13,Fizz,BOT,2,0.0
16.13,Heimerdinger,BOT,2,1.0
16.13,Lissandra,BOT,2,0.5
16.13,Yone,BOT,2,0.5
16.13,Teemo,BOT,2,0.5
16.13,Briar,BOT,2,1.0
16.13,Sion,BOT,1,0.0
16.13,Pyke,BOT,1,1.0
16.13,Pantheon,BOT,1,1.0
16.13,Taliyah,BOT,1,0.0
16.13,Azir,BOT,1,1.0
16.13,MasterYi,BOT,1,0.0
16.13,Akshan,BOT,1,1.0
16.13,Riven,BOT,1,0.0
16.13,LeeSin,BOT,1,1.0
16.13,Vex,BOT,1,0.0
16.13,XinZhao,BOT,1,1.0
16.13,Ekko,BOT,1,1.0
16.13,Bard,BOT,1,0.0
16.13,Alistar,BOT,1,1.0
16.13,Olaf,BOT,1,0.0
16.13,Diana,BOT,1,0.0
16.13,Ahri,BOT,1,1.0
16.13,Maokai,BOT,1,0.0
16.13,Nasus,BOT,1,0.0
16.13,KSante,BOT,1,1.0
16.13,Akali,BOT,1,0.0
16.13,Naafiri,BOT,1,1.0
16.13,Graves,JUNGLE,103,0.5243
16.13,MasterYi,JUNGLE,75,0.56
16.13,Nunu,JUNGLE,70,0.5714
16.13,LeeSin,JUNGLE,66,0.4394
16.13,Viego,JUNGLE,65,0.4615
16.13,Sylas,JUNGLE,64,0.3906
16.13,Nocturne,JUNGLE,56,0.5357
16.13,Rengar,JUNGLE,54,0.3889
16.13,Kayn,JUNGLE,51,0.4118
16.13,Briar,JUNGLE,51,0.4706
16.13,JarvanIV,JUNGLE,50,0.46
16.13,MonkeyKing,JUNGLE,50,0.56
16.13,Talon,JUNGLE,48,0.5625
16.13,Hecarim,JUNGLE,46,0.587
16.13,Naafiri,JUNGLE,46,0.587
16.13,Khazix,JUNGLE,46,0.6304
16.13,Shyvana,JUNGLE,44,0.5227
16.13,Warwick,JUNGLE,40,0.275
16.13,Vi,JUNGLE,37,0.6216
16.13,Udyr,JUNGLE,37,0.6757
16.13,XinZhao,JUNGLE,34,0.6765
16.13,Locke,JUNGLE,34,0.4118
16.13,Ekko,JUNGLE,33,0.3939
16.13,Nasus,JUNGLE,33,0.5455
16.13,Lillia,JUNGLE,32,0.4688
16.13,Diana,JUNGLE,32,0.5
16.13,Shaco,JUNGLE,30,0.5
16.13,Evelynn,JUNGLE,30,0.5
16.13,Belveth,JUNGLE,25,0.48
16.13,Kindred,JUNGLE,25,0.52
16.13,FiddleSticks,JUNGLE,24,0.4583
16.13,Qiyana,JUNGLE,23,0.3043
16.13,Zac,JUNGLE,22,0.5
16.13,Nidalee,JUNGLE,22,0.6364
16.13,RekSai,JUNGLE,20,0.5
16.13,Ivern,JUNGLE,19,0.3684
16.13,Aatrox,JUNGLE,18,0.5
16.13,Elise,JUNGLE,17,0.6471
16.13,Olaf,JUNGLE,15,0.6667
16.13,Ambessa,JUNGLE,14,0.5714
16.13,Sejuani,JUNGLE,14,0.5
16.13,Morgana,JUNGLE,14,0.7143
16.13,Rammus,JUNGLE,13,0.3846
16.13,Amumu,JUNGLE,13,0.2308
16.13,Jayce,JUNGLE,11,0.4545
16.13,Skarner,JUNGLE,11,0.2727
16.13,Jax,JUNGLE,11,0.5455
16.13,Zaahen,JUNGLE,9,0.8889
16.13,Volibear,JUNGLE,9,0.6667
16.13,Gwen,JUNGLE,9,0.3333
16.13,Quinn,JUNGLE,8,0.5
16.13,Darius,JUNGLE,8,0.5
16.13,Rumble,JUNGLE,8,0.625
16.13,Pantheon,JUNGLE,8,0.375
16.13,Poppy,JUNGLE,8,0.375
16.13,Malphite,JUNGLE,7,0.5714
16.13,Taliyah,JUNGLE,7,0.5714
16.13,Zed,JUNGLE,7,0.1429
16.13,Mordekaiser,JUNGLE,6,0.6667
16.13,Yone,JUNGLE,5,0.6
16.13,Karthus,JUNGLE,4,0.25
16.13,Teemo,JUNGLE,4,0.5
16.13,Zyra,JUNGLE,4,0.5
16.13,Riven,JUNGLE,3,0.0
16.13,Fizz,JUNGLE,3,0.0
16.13,Maokai,JUNGLE,3,0.3333
16.13,Chogath,JUNGLE,3,0.6667
16.13,Shen,JUNGLE,3,0.6667
16.13,Urgot,JUNGLE,2,0.5
16.13,Gragas,JUNGLE,2,0.0
16.13,Taric,JUNGLE,2,0.0
16.13,Neeko,JUNGLE,1,0.0
16.13,Vayne,JUNGLE,1,0.0
16.13,Ezreal,JUNGLE,1,0.0
16.13,Jhin,JUNGLE,1,0.0
16.13,Trundle,JUNGLE,1,0.0
16.13,Brand,JUNGLE,1,1.0
16.13,Nautilus,JUNGLE,1,0.0
16.13,Sion,JUNGLE,1,0.0
16.13,Draven,JUNGLE,1,1.0
16.13,Blitzcrank,JUNGLE,1,1.0
16.13,Camille,JUNGLE,1,1.0
16.13,DrMundo,JUNGLE,1,0.0
16.13,Twitch,JUNGLE,1,0.0
16.13,Locke,MID,157,0.5096
16.13,Ahri,MID,87,0.6322
16.13,Syndra,MID,86,0.5581
16.13,Sylas,MID,77,0.4805
16.13,Yasuo,MID,75,0.4667
16.13,Viktor,MID,73,0.5479
16.13,Yone,MID,54,0.5185
16.13,Zed,MID,53,0.5283
16.13,Hwei,MID,50,0.52
16.13,Akali,MID,49,0.449
16.13,Katarina,MID,45,0.4444
16.13,Malzahar,MID,44,0.5227
16.13,Vladimir,MID,40,0.525
16.13,Galio,MID,40,0.5
16.13,TwistedFate,MID,38,0.4474
16.13,Fizz,MID,36,0.4722
16.13,Mel,MID,34,0.4118
16.13,Ekko,MID,34,0.3529
16.13,Akshan,MID,33,0.3939
16.13,Lux,MID,33,0.5152
16.13,AurelionSol,MID,32,0.5625
16.13,Kassadin,MID,32,0.4375
16.13,Xerath,MID,31,0.5806
16.13,Aurora,MID,31,0.4516
16.13,Leblanc,MID,29,0.5172
16.13,Anivia,MID,28,0.3571
16.13,Lissandra,MID,28,0.4643
16.13,Diana,MID,27,0.7778
16.13,Zoe,MID,26,0.3846
16.13,Naafiri,MID,26,0.5769
16.13,Orianna,MID,24,0.5
16.13,Vex,MID,23,0.3478
16.13,Veigar,MID,22,0.5
16.13,Irelia,MID,21,0.381
16.13,Annie,MID,18,0.5
16.13,Taliyah,MID,17,0.5882
16.13,Ryze,MID,15,0.4667
16.13,Riven,MID,15,0.5333
16.13,Cassiopeia,MID,14,0.5714
16.13,Jayce,MID,13,0.6154
16.13,Talon,MID,13,0.3077
16.13,Pantheon,MID,13,0.5385
16.13,Qiyana,MID,13,0.5385
16.13,Azir,MID,10,0.3
16.13,Swain,MID,9,0.4444
16.13,Tristana,MID,8,0.5
16.13,Velkoz,MID,7,0.1429
16.13,Singed,MID,7,0.4286
16.13,Sejuani,MID,7,0.7143
16.13,Malphite,MID,6,0.5
16.13,Karthus,MID,6,0.6667
16.13,Brand,MID,6,0.5
16.13,Sion,MID,6,0.8333
16.13,Kayle,MID,5,0.6
16.13,Neeko,MID,5,0.6
16.13,Gragas,MID,4,0.5
16.13,Seraphine,MID,4,0.75
16.13,Gangplank,MID,4,0.75
16.13,Nunu,MID,4,0.75
16.13,Corki,MID,4,0.25
16.13,Tryndamere,MID,3,1.0
16.13,Smolder,MID,3,0.6667
16.13,Kennen,MID,3,0.0
16.13,Chogath,MID,3,0.6667
16.13,Ambessa,MID,3,0.6667
16.13,Kaisa,MID,3,0.0
16.13,Ezreal,MID,3,0.3333
16.13,MasterYi,MID,3,0.3333
16.13,Illaoi,MID,3,0.3333
16.13,Nasus,MID,3,0.6667
16.13,Zilean,MID,3,0.3333
16.13,Caitlyn,MID,2,0.0
16.13,Janna,MID,2,0.0
16.13,Zac,MID,2,0.0
16.13,Varus,MID,2,0.5
16.13,LeeSin,MID,2,0.5
16.13,Ziggs,MID,2,1.0
16.13,Heimerdinger,MID,2,0.5
16.13,Zyra,MID,2,0.0
16.13,Ivern,MID,2,1.0
16.13,Rumble,MID,2,0.0
16.13,Garen,MID,1,0.0
16.13,Camille,MID,1,0.0
16.13,Twitch,MID,1,1.0
16.13,Kled,MID,1,0.0
16.13,XinZhao,MID,1,1.0
16.13,Shen,MID,1,1.0
16.13,Senna,MID,1,0.0
16.13,Ornn,MID,1,1.0
16.13,Gwen,MID,1,1.0
16.13,Rammus,MID,1,1.0
16.13,Jax,MID,1,1.0
16.13,Lulu,MID,1,1.0
16.13,Quinn,MID,1,0.0
16.13,Briar,MID,1,0.0
16.13,Morgana,MID,1,0.0
16.13,Belveth,MID,1,0.0
16.13,JarvanIV,MID,1,0.0
16.13,KSante,MID,1,0.0
16.13,Lillia,MID,1,0.0
16.13,Jinx,MID,1,1.0
16.13,Vayne,MID,1,0.0
16.13,Maokai,MID,1,0.0
16.13,Mordekaiser,MID,1,0.0
16.13,Lucian,MID,1,1.0
16.13,Renekton,MID,1,1.0
16.13,FiddleSticks,MID,1,1.0
16.13,Darius,MID,1,0.0
16.13,Zeri,MID,1,1.0
16.13,Kalista,MID,1,0.0
16.13,Aatrox,MID,1,1.0
16.13,Thresh,SUPPORT,111,0.5045
16.13,Seraphine,SUPPORT,108,0.4537
16.13,Sona,SUPPORT,101,0.5941
16.13,Nautilus,SUPPORT,100,0.51
16.13,Bard,SUPPORT,88,0.4886
16.13,Leona,SUPPORT,68,0.4559
16.13,Rell,SUPPORT,65,0.5077
16.13,Nami,SUPPORT,64,0.4062
16.13,Senna,SUPPORT,63,0.4921
16.13,Milio,SUPPORT,61,0.5246
16.13,Pyke,SUPPORT,60,0.5
16.13,Lulu,SUPPORT,60,0.4667
16.13,Blitzcrank,SUPPORT,53,0.5283
16.13,Soraka,SUPPORT,53,0.6226
16.13,Karma,SUPPORT,51,0.549
16.13,Zilean,SUPPORT,45,0.5111
16.13,Velkoz,SUPPORT,43,0.4186
16.13,Yuumi,SUPPORT,41,0.439
16.13,Braum,SUPPORT,40,0.45
16.13,Rakan,SUPPORT,39,0.4615
16.13,TahmKench,SUPPORT,39,0.641
16.13,Alistar,SUPPORT,38,0.4211
16.13,Janna,SUPPORT,35,0.5714
16.13,Lux,SUPPORT,35,0.5429
16.13,Morgana,SUPPORT,31,0.4839
16.13,Camille,SUPPORT,30,0.6
16.13,Maokai,SUPPORT,20,0.45
16.13,Pantheon,SUPPORT,15,0.3333
16.13,Shaco,SUPPORT,15,0.5333
16.13,Galio,SUPPORT,15,0.6
16.13,Brand,SUPPORT,15,0.4
16.13,Taric,SUPPORT,14,0.4286
16.13,Xerath,SUPPORT,14,0.5714
16.13,Poppy,SUPPORT,14,0.5714
16.13,Zyra,SUPPORT,13,0.5385
16.13,Renata,SUPPORT,11,0.5455
16.13,Zoe,SUPPORT,11,0.1818
16.13,Swain,SUPPORT,11,0.6364
16.13,Sylas,SUPPORT,11,0.4545
16.13,Neeko,SUPPORT,8,0.5
16.13,Shen,SUPPORT,7,0.2857
16.13,Amumu,SUPPORT,7,0.4286
16.13,Mel,SUPPORT,7,0.4286
16.13,Annie,SUPPORT,6,0.5
16.13,Elise,SUPPORT,5,0.8
16.13,Veigar,SUPPORT,5,0.6
16.13,Ashe,SUPPORT,5,0.2
16.13,JarvanIV,SUPPORT,5,0.2
16.13,Nidalee,SUPPORT,4,0.75
16.13,FiddleSticks,SUPPORT,4,0.5
16.13,Qiyana,SUPPORT,4,0.0
16.13,Teemo,SUPPORT,4,0.25
16.13,Aatrox,SUPPORT,3,0.6667
16.13,Quinn,SUPPORT,3,1.0
16.13,Hwei,SUPPORT,3,0.6667
16.13,Fiora,SUPPORT,3,0.6667
16.13,Anivia,SUPPORT,3,0.3333
16.13,Zed,SUPPORT,3,0.6667
16.13,Sion,SUPPORT,3,0.3333
16.13,TwistedFate,SUPPORT,3,0.6667
16.13,Yasuo,SUPPORT,2,0.0
16.13,Gragas,SUPPORT,2,1.0
16.13,Lissandra,SUPPORT,2,1.0
16.13,Nunu,SUPPORT,2,0.0
16.13,Leblanc,SUPPORT,2,0.5
16.13,Zac,SUPPORT,2,0.5
16.13,Malphite,SUPPORT,2,0.5
16.13,Ivern,SUPPORT,2,1.0
16.13,Taliyah,SUPPORT,2,1.0
16.13,Skarner,SUPPORT,1,1.0
16.13,Heimerdinger,SUPPORT,1,0.0
16.13,Jax,SUPPORT,1,1.0
16.13,Katarina,SUPPORT,1,0.0
16.13,Viego,SUPPORT,1,0.0
16.13,MasterYi,SUPPORT,1,0.0
16.13,Fizz,SUPPORT,1,1.0
16.13,Sejuani,SUPPORT,1,1.0
16.13,Orianna,SUPPORT,1,1.0
16.13,Rumble,SUPPORT,1,0.0
16.13,Naafiri,SUPPORT,1,1.0
16.13,Ambessa,SUPPORT,1,0.0
16.13,Aurora,SUPPORT,1,0.0
16.13,Ornn,SUPPORT,1,1.0
16.13,MissFortune,SUPPORT,1,0.0
16.13,Locke,SUPPORT,1,0.0
16.13,Chogath,SUPPORT,1,0.0
16.13,Twitch,SUPPORT,1,1.0
16.13,Ekko,SUPPORT,1,0.0
16.13,RekSai,SUPPORT,1,0.0
16.13,Ornn,TOP,62,0.5484
16.13,Garen,TOP,61,0.6557
16.13,Sion,TOP,59,0.5254
16.13,Renekton,TOP,58,0.4655
16.13,Yone,TOP,49,0.6327
16.13,Aatrox,TOP,48,0.4792
16.13,Malphite,TOP,48,0.5417
16.13,DrMundo,TOP,46,0.413
16.13,Jax,TOP,46,0.4348
16.13,Teemo,TOP,46,0.4565
16.13,Gangplank,TOP,46,0.5652
16.13,Darius,TOP,45,0.5556
16.13,Tryndamere,TOP,45,0.5333
16.13,Riven,TOP,43,0.5349
16.13,Sett,TOP,43,0.4186
16.13,Shen,TOP,42,0.4524
16.13,Irelia,TOP,42,0.4524
16.13,Zaahen,TOP,39,0.5897
16.13,Ambessa,TOP,39,0.5385
16.13,KSante,TOP,38,0.2895
16.13,Mordekaiser,TOP,36,0.5556
16.13,Pantheon,TOP,36,0.5833
16.13,Urgot,TOP,35,0.6571
16.13,Jayce,TOP,35,0.4857
16.13,Fiora,TOP,32,0.5312
16.13,Singed,TOP,32,0.5938
16.13,Camille,TOP,32,0.4062
16.13,Yasuo,TOP,30,0.4
16.13,Vayne,TOP,29,0.3793
16.13,Illaoi,TOP,28,0.5
16.13,Gnar,TOP,28,0.5714
16.13,Chogath,TOP,25,0.36
16.13,Nasus,TOP,24,0.4583
16.13,Olaf,TOP,23,0.4783
16.13,Volibear,TOP,21,0.5714
16.13,Kayle,TOP,21,0.381
16.13,Gragas,TOP,21,0.4286
16.13,Locke,TOP,20,0.45
16.13,Akali,TOP,17,0.4706
16.13,Rumble,TOP,16,0.5
16.13,Kled,TOP,16,0.375
16.13,Yorick,TOP,16,0.5
16.13,Vladimir,TOP,14,0.2857
16.13,Warwick,TOP,14,0.6429
16.13,Poppy,TOP,12,0.5
16.13,Gwen,TOP,12,0.5
16.13,Trundle,TOP,12,0.5833
16.13,Ryze,TOP,11,0.9091
16.13,Sylas,TOP,10,0.5
16.13,TahmKench,TOP,9,0.4444
16.13,Kennen,TOP,9,0.3333
16.13,Karma,TOP,9,0.4444
16.13,TwistedFate,TOP,8,0.375
16.13,Udyr,TOP,8,0.75
16.13,Zac,TOP,7,0.5714
16.13,Heimerdinger,TOP,7,0.5714
16.13,Aurora,TOP,7,1.0
16.13,Swain,TOP,6,0.3333
16.13,Maokai,TOP,6,0.3333
16.13,Zed,TOP,6,0.6667
16.13,Cassiopeia,TOP,5,0.8
16.13,FiddleSticks,TOP,5,0.4
16.13,MasterYi,TOP,4,0.25
16.13,AurelionSol,TOP,4,0.5
16.13,Syndra,TOP,4,0.0
16.13,Naafiri,TOP,4,0.5
16.13,Varus,TOP,4,0.75
16.13,MonkeyKing,TOP,4,0.25
16.13,LeeSin,TOP,4,0.25
16.13,Ahri,TOP,4,0.5
16.13,Quinn,TOP,4,0.75
16.13,Sejuani,TOP,4,0.0
16.13,XinZhao,TOP,3,0.3333
16.13,Veigar,TOP,3,0.6667
16.13,Ivern,TOP,3,0.6667
16.13,Briar,TOP,3,1.0
16.13,Nocturne,TOP,3,1.0
16.13,Viego,TOP,3,0.3333
16.13,Akshan,TOP,3,0.0
16.13,Talon,TOP,3,0.0
16.13,Viktor,TOP,3,0.3333
16.13,Elise,TOP,3,0.3333
16.13,Kaisa,TOP,3,0.6667
16.13,Lissandra,TOP,3,0.0
16.13,Ezreal,TOP,3,0.6667
16.13,KogMaw,TOP,3,0.3333
16.13,Kalista,TOP,2,0.5
16.13,Taliyah,TOP,2,1.0
16.13,Khazix,TOP,2,0.0
16.13,Diana,TOP,2,1.0
16.13,Malzahar,TOP,2,0.5
16.13,Vex,TOP,2,0.5
16.13,Katarina,TOP,2,0.0
16.13,Ekko,TOP,2,0.5
16.13,Lucian,TOP,2,0.5
16.13,Azir,TOP,2,0.5
16.13,Kassadin,TOP,2,1.0
16.13,Senna,TOP,2,0.0
16.13,Brand,TOP,2,0.0
16.13,Zilean,TOP,2,0.5
16.13,Karthus,TOP,2,1.0
16.13,Fizz,TOP,1,0.0
16.13,Annie,TOP,1,0.0
16.13,Kayn,TOP,1,0.0
16.13,Janna,TOP,1,0.0
16.13,Hwei,TOP,1,0.0
16.13,RekSai,TOP,1,0.0
16.13,Morgana,TOP,1,0.0
16.13,Smolder,TOP,1,0.0
16.13,JarvanIV,TOP,1,1.0
16.13,Corki,TOP,1,0.0
16.13,Velkoz,TOP,1,1.0
16.13,Lulu,TOP,1,1.0
16.13,Belveth,TOP,1,0.0
16.13,Vi,TOP,1,0.0
16.13,Anivia,TOP,1,0.0
16.13,Graves,TOP,1,1.0
16.13,Rakan,TOP,1,1.0
16.13,Jhin,TOP,1,0.0
16.13,Shyvana,TOP,1,0.0
16.13,Lux,TOP,1,0.0
16.13,Rengar,TOP,1,1.0
16.13,Twitch,TOP,1,0.0
16.13,Draven,TOP,1,1.0
16.13,Tristana,TOP,1,1.0
16.13,Nautilus,TOP,1,1.0
16.13,Leblanc,TOP,1,0.0
16.9,Smolder,BOT,170,0.4294
16.9,Ezreal,BOT,150,0.48
16.9,Jhin,BOT,109,0.4954
16.9,Ashe,BOT,105,0.5714
16.9,Kaisa,BOT,89,0.5281
16.9,Caitlyn,BOT,85,0.4941
16.9,Lucian,BOT,65,0.6154
16.9,Jinx,BOT,59,0.5254
16.9,Draven,BOT,49,0.5918
16.9,Yunara,BOT,44,0.6136
16.9,Vayne,BOT,42,0.2857
16.9,Senna,BOT,42,0.381
16.9,Tristana,BOT,40,0.475
16.9,Twitch,BOT,38,0.5
16.9,MissFortune,BOT,37,0.3514
16.9,Brand,BOT,29,0.7241
16.9,Sivir,BOT,27,0.5556
16.9,Varus,BOT,26,0.6154
16.9,Xayah,BOT,25,0.48
16.9,Aphelios,BOT,25,0.24
16.9,Corki,BOT,25,0.48
16.9,Seraphine,BOT,24,0.4583
16.9,Samira,BOT,21,0.4762
16.9,Zeri,BOT,20,0.3
16.9,Veigar,BOT,20,0.55
16.9,Lux,BOT,19,0.4737
16.9,KogMaw,BOT,14,0.5714
16.9,Yasuo,BOT,13,0.3846
16.9,Kalista,BOT,12,0.5
16.9,Swain,BOT,12,0.5833
16.9,Vladimir,BOT,11,0.8182
16.9,Ziggs,BOT,11,0.3636
16.9,Hwei,BOT,11,0.4545
16.9,Xerath,BOT,9,0.5556
16.9,Zyra,BOT,8,0.75
16.9,Nilah,BOT,8,0.625
16.9,Karthus,BOT,8,0.625
16.9,AurelionSol,BOT,7,0.4286
16.9,Velkoz,BOT,6,0.5
16.9,Viktor,BOT,6,0.6667
16.9,Mel,BOT,5,0.8
16.9,Cassiopeia,BOT,3,0.6667
16.9,Malzahar,BOT,3,1.0
16.9,Kindred,BOT,3,0.3333
16.9,TwistedFate,BOT,3,0.3333
16.9,Teemo,BOT,3,0.3333
16.9,Katarina,BOT,2,0.0
16.9,Ahri,BOT,2,1.0
16.9,Fiora,BOT,2,0.5
16.9,Syndra,BOT,2,0.5
16.9,Tryndamere,BOT,1,1.0
16.9,Urgot,BOT,1,1.0
16.9,Mordekaiser,BOT,1,0.0
16.9,Yone,BOT,1,1.0
16.9,Singed,BOT,1,0.0
16.9,Irelia,BOT,1,1.0
16.9,Heimerdinger,BOT,1,1.0
16.9,Akshan,BOT,1,1.0
16.9,Zilean,BOT,1,0.0
16.9,Graves,BOT,1,0.0
16.9,Zoe,BOT,1,0.0
16.9,Pantheon,BOT,1,1.0
16.9,Trundle,BOT,1,0.0
16.9,MasterYi,BOT,1,1.0
16.9,Galio,BOT,1,0.0
16.9,Morgana,BOT,1,1.0
16.9,Chogath,BOT,1,0.0
16.9,Taliyah,BOT,1,1.0
16.9,Aurora,BOT,1,0.0
16.9,Graves,JUNGLE,102,0.5196
16.9,Rengar,JUNGLE,89,0.5056
16.9,Viego,JUNGLE,72,0.6111
16.9,LeeSin,JUNGLE,65,0.4462
16.9,XinZhao,JUNGLE,63,0.5714
16.9,Naafiri,JUNGLE,59,0.5763
16.9,JarvanIV,JUNGLE,53,0.566
16.9,Kayn,JUNGLE,51,0.4706
16.9,Shaco,JUNGLE,50,0.46
16.9,Nocturne,JUNGLE,46,0.4348
16.9,Shyvana,JUNGLE,46,0.4565
16.9,Hecarim,JUNGLE,42,0.5238
16.9,MasterYi,JUNGLE,39,0.4359
16.9,Talon,JUNGLE,38,0.5526
16.9,Khazix,JUNGLE,38,0.5789
16.9,Sylas,JUNGLE,35,0.4286
16.9,RekSai,JUNGLE,35,0.4857
16.9,FiddleSticks,JUNGLE,32,0.375
16.9,Lillia,JUNGLE,31,0.4839
16.9,Ambessa,JUNGLE,31,0.5161
16.9,Ekko,JUNGLE,30,0.5667
16.9,Udyr,JUNGLE,29,0.4138
16.9,Nunu,JUNGLE,25,0.36
16.9,Vi,JUNGLE,24,0.4583
16.9,Briar,JUNGLE,24,0.375
16.9,Zac,JUNGLE,21,0.381
16.9,Kindred,JUNGLE,19,0.5789
16.9,Ivern,JUNGLE,19,0.6842
16.9,Belveth,JUNGLE,19,0.4211
16.9,Elise,JUNGLE,18,0.4444
16.9,Karthus,JUNGLE,18,0.6111
16.9,Evelynn,JUNGLE,16,0.5
16.9,Diana,JUNGLE,15,0.3333
16.9,Nidalee,JUNGLE,15,0.4667
16.9,Zyra,JUNGLE,15,0.4667
16.9,Jax,JUNGLE,14,0.5
16.9,Jayce,JUNGLE,13,0.6154
16.9,Aatrox,JUNGLE,12,0.4167
16.9,Warwick,JUNGLE,11,0.6364
16.9,Rammus,JUNGLE,11,0.4545
16.9,Volibear,JUNGLE,10,0.6
16.9,Zed,JUNGLE,10,0.8
16.9,MonkeyKing,JUNGLE,10,0.2
16.9,Amumu,JUNGLE,9,0.2222
16.9,Sejuani,JUNGLE,9,0.2222
16.9,Fizz,JUNGLE,9,0.5556
16.9,Skarner,JUNGLE,9,0.5556
16.9,Pantheon,JUNGLE,8,0.625
16.9,Nasus,JUNGLE,8,0.5
16.9,Brand,JUNGLE,8,0.375
16.9,Taliyah,JUNGLE,7,0.5714
16.9,Zaahen,JUNGLE,7,0.2857
16.9,Qiyana,JUNGLE,6,0.8333
16.9,DrMundo,JUNGLE,5,0.6
16.9,Teemo,JUNGLE,5,0.6
16.9,Morgana,JUNGLE,5,0.6
16.9,Poppy,JUNGLE,4,0.75
16.9,Gwen,JUNGLE,4,0.5
16.9,Taric,JUNGLE,3,0.6667
16.9,Darius,JUNGLE,3,0.0
16.9,Mordekaiser,JUNGLE,3,0.6667
16.9,Shen,JUNGLE,3,0.3333
16.9,Olaf,JUNGLE,2,0.5
16.9,Trundle,JUNGLE,2,0.5
16.9,Heimerdinger,JUNGLE,2,0.5
16.9,Yorick,JUNGLE,2,0.5
16.9,Sion,JUNGLE,2,0.5
16.9,Draven,JUNGLE,2,0.5
16.9,Riven,JUNGLE,2,1.0
16.9,Chogath,JUNGLE,2,0.5
16.9,AurelionSol,JUNGLE,2,0.5
16.9,Quinn,JUNGLE,2,0.0
16.9,Vayne,JUNGLE,2,0.5
16.9,Malphite,JUNGLE,1,0.0
16.9,Kaisa,JUNGLE,1,0.0
16.9,Urgot,JUNGLE,1,0.0
16.9,Neeko,JUNGLE,1,1.0
16.9,Nautilus,JUNGLE,1,0.0
16.9,Ezreal,JUNGLE,1,1.0
16.9,Kassadin,JUNGLE,1,1.0
16.9,Akshan,JUNGLE,1,1.0
16.9,Zeri,JUNGLE,1,1.0
16.9,Garen,JUNGLE,1,0.0
16.9,Rumble,JUNGLE,1,1.0
16.9,Maokai,JUNGLE,1,1.0
16.9,Camille,JUNGLE,1,1.0
16.9,Kennen,JUNGLE,1,0.0
16.9,Anivia,JUNGLE,1,0.0
16.9,Yone,JUNGLE,1,1.0
16.9,Ahri,MID,82,0.4878
16.9,Yasuo,MID,81,0.5556
16.9,Zed,MID,76,0.4474
16.9,Viktor,MID,68,0.5441
16.9,Katarina,MID,54,0.4444
16.9,Vladimir,MID,47,0.5532
16.9,Akali,MID,47,0.4255
16.9,Sylas,MID,46,0.4348
16.9,Malzahar,MID,45,0.6
16.9,Syndra,MID,43,0.4651
16.9,Lissandra,MID,43,0.4884
16.9,TwistedFate,MID,37,0.5135
16.9,Fizz,MID,37,0.5135
16.9,Xerath,MID,36,0.5833
16.9,Yone,MID,34,0.4412
16.9,Qiyana,MID,33,0.3939
16.9,Orianna,MID,31,0.6129
16.9,Leblanc,MID,31,0.3871
16.9,Talon,MID,29,0.4138
16.9,Lux,MID,28,0.5
16.9,Akshan,MID,28,0.5
16.9,Ekko,MID,28,0.6429
16.9,Hwei,MID,27,0.2963
16.9,Anivia,MID,26,0.3846
16.9,Kassadin,MID,23,0.4783
16.9,Veigar,MID,23,0.6087
16.9,Ryze,MID,23,0.5652
16.9,Annie,MID,23,0.5652
16.9,Galio,MID,22,0.5
16.9,Vex,MID,21,0.5238
16.9,Cassiopeia,MID,21,0.5714
16.9,Brand,MID,20,0.3
16.9,Zoe,MID,18,0.4444
16.9,Aurora,MID,17,0.4706
16.9,Naafiri,MID,16,0.6875
16.9,Mel,MID,16,0.5625
16.9,AurelionSol,MID,15,0.5333
16.9,Taliyah,MID,15,0.6667
16.9,Irelia,MID,14,0.5
16.9,Diana,MID,13,0.3846
16.9,Azir,MID,11,0.4545
16.9,XinZhao,MID,10,0.4
16.9,Smolder,MID,10,0.6
16.9,Neeko,MID,10,0.5
16.9,Velkoz,MID,9,0.4444
16.9,Kennen,MID,8,0.5
16.9,Jayce,MID,7,0.5714
16.9,Sion,MID,7,0.5714
16.9,Riven,MID,6,0.3333
16.9,Nasus,MID,6,0.5
16.9,Pantheon,MID,6,0.6667
16.9,Singed,MID,5,0.6
16.9,Gangplank,MID,5,0.6
16.9,Swain,MID,5,0.0
16.9,Morgana,MID,5,0.4
16.9,Ezreal,MID,5,0.6
16.9,Ziggs,MID,5,0.6
16.9,Heimerdinger,MID,4,0.75
16.9,Tryndamere,MID,4,0.75
16.9,Malphite,MID,4,0.25
16.9,Quinn,MID,4,0.5
16.9,MasterYi,MID,4,0.25
16.9,Seraphine,MID,4,0.75
16.9,Chogath,MID,4,0.25
16.9,Kayle,MID,4,0.75
16.9,Tristana,MID,3,0.3333
16.9,Ambessa,MID,3,1.0
16.9,Garen,MID,3,0.6667
16.9,Twitch,MID,3,0.3333
16.9,Darius,MID,3,0.6667
16.9,Karthus,MID,3,0.6667
16.9,DrMundo,MID,3,0.3333
16.9,Rumble,MID,3,0.3333
16.9,LeeSin,MID,3,1.0
16.9,Kaisa,MID,3,0.3333
16.9,Renekton,MID,2,1.0
16.9,Nocturne,MID,2,0.5
16.9,Shen,MID,2,0.5
16.9,Kled,MID,2,0.5
16.9,Volibear,MID,2,0.5
16.9,Sett,MID,2,1.0
16.9,Gragas,MID,2,0.0
16.9,Lucian,MID,2,1.0
16.9,Gwen,MID,2,0.5
16.9,Nunu,MID,2,0.0
16.9,Zaahen,MID,1,1.0
16.9,Taric,MID,1,1.0
16.9,Zilean,MID,1,0.0
16.9,Khazix,MID,1,0.0
16.9,Zyra,MID,1,1.0
16.9,Sivir,MID,1,1.0
16.9,KogMaw,MID,1,0.0
16.9,TahmKench,MID,1,0.0
16.9,Briar,MID,1,0.0
16.9,Aatrox,MID,1,0.0
16.9,Kindred,MID,1,1.0
16.9,Warwick,MID,1,0.0
16.9,Zac,MID,1,0.0
16.9,Kalista,MID,1,1.0
16.9,KSante,MID,1,1.0
16.9,Corki,MID,1,0.0
16.9,Fiora,MID,1,1.0
16.9,Mordekaiser,MID,1,0.0
16.9,Camille,MID,1,0.0
16.9,Yunara,MID,1,0.0
16.9,Vayne,MID,1,1.0
16.9,Thresh,MID,1,0.0
16.9,Varus,MID,1,1.0
16.9,Shyvana,MID,1,1.0
16.9,Jax,MID,1,0.0
16.9,Caitlyn,MID,1,1.0
16.9,Jhin,MID,1,1.0
16.9,Zeri,MID,1,1.0
16.9,FiddleSticks,MID,1,1.0
16.9,Nami,SUPPORT,130,0.4769
16.9,Bard,SUPPORT,92,0.6196
16.9,Thresh,SUPPORT,85,0.5059
16.9,Seraphine,SUPPORT,82,0.4512
16.9,Senna,SUPPORT,82,0.5122
16.9,Karma,SUPPORT,66,0.5152
16.9,Nautilus,SUPPORT,59,0.5424
16.9,Soraka,SUPPORT,57,0.4035
16.9,Pyke,SUPPORT,49,0.5102
16.9,Braum,SUPPORT,49,0.3878
16.9,Milio,SUPPORT,48,0.5
16.9,Janna,SUPPORT,47,0.4468
16.9,Sona,SUPPORT,44,0.4091
16.9,Lulu,SUPPORT,43,0.4419
16.9,Blitzcrank,SUPPORT,40,0.525
16.9,Alistar,SUPPORT,39,0.5128
16.9,Brand,SUPPORT,38,0.4474
16.9,Zilean,SUPPORT,36,0.5278
16.9,Leona,SUPPORT,34,0.5
16.9,Yuumi,SUPPORT,33,0.2727
16.9,Morgana,SUPPORT,28,0.5714
16.9,Rakan,SUPPORT,26,0.5385
16.9,Rell,SUPPORT,25,0.72
16.9,Pantheon,SUPPORT,24,0.7083
16.9,Velkoz,SUPPORT,21,0.4762
16.9,Xerath,SUPPORT,20,0.4
16.9,TahmKench,SUPPORT,19,0.6842
16.9,Taric,SUPPORT,16,0.75
16.9,Zyra,SUPPORT,16,0.4375
16.9,Zoe,SUPPORT,15,0.5333
16.9,Lux,SUPPORT,13,0.3846
16.9,Renata,SUPPORT,12,0.6667
16.9,Maokai,SUPPORT,11,0.6364
16.9,Poppy,SUPPORT,10,0.4
16.9,Shen,SUPPORT,10,0.6
16.9,Anivia,SUPPORT,9,0.3333
16.9,Shaco,SUPPORT,9,0.3333
16.9,Neeko,SUPPORT,8,0.5
16.9,Elise,SUPPORT,8,0.5
16.9,Mel,SUPPORT,7,0.4286
16.9,Swain,SUPPORT,7,0.7143
16.9,Teemo,SUPPORT,7,0.4286
16.9,Skarner,SUPPORT,6,0.3333
16.9,Hwei,SUPPORT,5,0.0
16.9,FiddleSticks,SUPPORT,4,0.25
16.9,Sylas,SUPPORT,4,0.5
16.9,Annie,SUPPORT,3,0.3333
16.9,Ezreal,SUPPORT,3,0.6667
16.9,Camille,SUPPORT,3,0.6667
16.9,JarvanIV,SUPPORT,3,0.6667
16.9,Gragas,SUPPORT,3,0.6667
16.9,TwistedFate,SUPPORT,3,0.0
16.9,Vex,SUPPORT,3,0.6667
16.9,Nidalee,SUPPORT,3,0.6667
16.9,Gnar,SUPPORT,2,1.0
16.9,Ahri,SUPPORT,2,1.0
16.9,Zac,SUPPORT,2,0.5
16.9,Galio,SUPPORT,2,0.5
16.9,Rumble,SUPPORT,2,0.5
16.9,Jax,SUPPORT,2,0.5
16.9,Ashe,SUPPORT,2,0.0
16.9,Qiyana,SUPPORT,2,0.0
16.9,Orianna,SUPPORT,2,0.5
16.9,Sion,SUPPORT,2,0.5
16.9,Amumu,SUPPORT,2,1.0
16.9,Veigar,SUPPORT,2,0.5
16.9,Leblanc,SUPPORT,2,1.0
16.9,RekSai,SUPPORT,2,0.5
16.9,Twitch,SUPPORT,2,0.5
16.9,Diana,SUPPORT,1,0.0
16.9,Rammus,SUPPORT,1,1.0
16.9,Heimerdinger,SUPPORT,1,0.0
16.9,XinZhao,SUPPORT,1,0.0
16.9,Irelia,SUPPORT,1,1.0
16.9,Fizz,SUPPORT,1,1.0
16.9,KSante,SUPPORT,1,0.0
16.9,Chogath,SUPPORT,1,0.0
16.9,Singed,SUPPORT,1,1.0
16.9,Evelynn,SUPPORT,1,1.0
16.9,MasterYi,SUPPORT,1,1.0
16.9,Kled,SUPPORT,1,0.0
16.9,Taliyah,SUPPORT,1,1.0
16.9,Vayne,SUPPORT,1,1.0
16.9,Fiora,SUPPORT,1,1.0
16.9,Trundle,SUPPORT,1,1.0
16.9,MonkeyKing,SUPPORT,1,0.0
16.9,Sejuani,SUPPORT,1,0.0
16.9,Nunu,SUPPORT,1,1.0
16.9,Lissandra,SUPPORT,1,0.0
16.9,Malphite,SUPPORT,1,1.0
16.9,Darius,TOP,57,0.5263
16.9,Garen,TOP,57,0.4211
16.9,Renekton,TOP,53,0.434
16.9,Sion,TOP,47,0.5957
16.9,Aatrox,TOP,46,0.587
16.9,Ornn,TOP,45,0.5111
16.9,Jax,TOP,42,0.4286
16.9,Gangplank,TOP,42,0.5
16.9,Mordekaiser,TOP,39,0.5385
16.9,Singed,TOP,38,0.5263
16.9,Jayce,TOP,37,0.4595
16.9,DrMundo,TOP,35,0.5429
16.9,Irelia,TOP,34,0.4118
16.9,Riven,TOP,34,0.5588
16.9,Shen,TOP,33,0.4242
16.9,KSante,TOP,32,0.5
16.9,Vayne,TOP,31,0.2903
16.9,Yone,TOP,31,0.6452
16.9,Fiora,TOP,31,0.4839
16.9,Malphite,TOP,30,0.5
16.9,Urgot,TOP,30,0.6
16.9,Camille,TOP,28,0.6429
16.9,Pantheon,TOP,27,0.5185
16.9,Kayle,TOP,26,0.5769
16.9,Gnar,TOP,26,0.7308
16.9,Ambessa,TOP,25,0.6
16.9,Varus,TOP,25,0.6
16.9,Nasus,TOP,25,0.48
16.9,Tryndamere,TOP,25,0.52
16.9,Gragas,TOP,24,0.5
16.9,Chogath,TOP,23,0.4348
16.9,Yasuo,TOP,23,0.4783
16.9,Vladimir,TOP,23,0.4783
16.9,Kennen,TOP,22,0.4091
16.9,Poppy,TOP,22,0.4545
16.9,Yorick,TOP,21,0.2857
16.9,Teemo,TOP,21,0.5714
16.9,Akali,TOP,21,0.5714
16.9,Volibear,TOP,21,0.4762
16.9,Sett,TOP,20,0.4
16.9,Rumble,TOP,20,0.4
16.9,Zaahen,TOP,19,0.5263
16.9,Kled,TOP,19,0.5789
16.9,XinZhao,TOP,17,0.3529
16.9,Olaf,TOP,16,0.5
16.9,Gwen,TOP,15,0.2
16.9,Quinn,TOP,11,0.4545
16.9,Anivia,TOP,9,0.6667
16.9,Illaoi,TOP,9,0.4444
16.9,TahmKench,TOP,8,0.375
16.9,Warwick,TOP,8,0.5
16.9,Malzahar,TOP,7,0.7143
16.9,Trundle,TOP,7,0.2857
16.9,Heimerdinger,TOP,7,0.5714
16.9,Udyr,TOP,7,0.1429
16.9,Sylas,TOP,6,0.5
16.9,Cassiopeia,TOP,6,0.8333
16.9,Akshan,TOP,5,0.0
16.9,Naafiri,TOP,4,0.25
16.9,Zed,TOP,4,0.5
16.9,Brand,TOP,4,0.5
16.9,TwistedFate,TOP,4,0.25
16.9,Aurora,TOP,4,0.5
16.9,Zilean,TOP,3,0.3333
16.9,Shyvana,TOP,3,0.3333
16.9,Azir,TOP,3,0.6667
16.9,Rengar,TOP,3,0.6667
16.9,MasterYi,TOP,3,0.3333
16.9,MonkeyKing,TOP,3,0.0
16.9,Sejuani,TOP,3,1.0
16.9,FiddleSticks,TOP,3,0.6667
16.9,Swain,TOP,3,0.3333
16.9,RekSai,TOP,3,0.6667
16.9,Skarner,TOP,3,0.6667
16.9,Nidalee,TOP,2,1.0
16.9,Draven,TOP,2,1.0
16.9,Neeko,TOP,2,0.5
16.9,Hwei,TOP,2,0.5
16.9,Elise,TOP,2,1.0
16.9,Leblanc,TOP,2,0.5
16.9,Jhin,TOP,2,1.0
16.9,Veigar,TOP,2,1.0
16.9,Ryze,TOP,2,1.0
16.9,Kayn,TOP,2,1.0
16.9,Kalista,TOP,2,1.0
16.9,Thresh,TOP,1,0.0
16.9,Diana,TOP,1,1.0
16.9,Lux,TOP,1,0.0
16.9,Katarina,TOP,1,1.0
16.9,Zoe,TOP,1,0.0
16.9,Nautilus,TOP,1,0.0
16.9,Maokai,TOP,1,0.0
16.9,Karthus,TOP,1,0.0
16.9,Zac,TOP,1,1.0
16.9,Ahri,TOP,1,1.0
16.9,Talon,TOP,1,1.0
16.9,Rell,TOP,1,0.0
16.9,Nocturne,TOP,1,1.0
16.9,Viktor,TOP,1,0.0
16.9,AurelionSol,TOP,1,0.0
16.9,KogMaw,TOP,1,0.0
16.9,Morgana,TOP,1,0.0
16.9,Briar,TOP,1,1.0
16.9,LeeSin,TOP,1,0.0
16.9,Smolder,TOP,1,1.0
16.9,Mel,TOP,1,0.0
16.9,Xerath,TOP,1,0.0
16.9,Graves,TOP,1,0.0
16.9,Galio,TOP,1,1.0
16.9,Tristana,TOP,1,0.0
